card_name,type_line,mana_value,color_identity
"Aang, Swift Savior // Aang and La, Ocean's Fury",Legendary Creature — Human Avatar Ally,3,WU
Abandoned Air Temple,Land,0,W
Abhorrent Oculus,Creature — Eye,3,U
Abolish,Instant,3,W
Academy Manufactor,Artifact Creature — Assembly-Worker,3,
Academy Ruins,Legendary Land,0,U
Access Tunnel,Land,0,
Accursed Marauder,Creature — Warrior Zombie,2,B
"Adrix and Nev, Twincasters",Legendary Creature — Wizard Merfolk,4,UG
Aerial Responder,Creature — Soldier Dwarf,3,W
Aerith Gainsborough,Legendary Creature — Human Cleric,3,W
Aftermath Analyst,Creature — Elf Detective,2,G
Agatha's Soul Cauldron,Legendary Artifact,2,
"Agent Bishop, Man in Black",Legendary Creature — Human Soldier,3,W
Aggravated Assault,Enchantment,3,R
Ajani Resolute,Legendary Planeswalker — Ajani,2,W
"Ajani, Strength of the Pride",Legendary Planeswalker — Ajani,4,W
Alhammarret's Archive,Legendary Artifact,5,
Altar of Dementia,Artifact,2,
Ancient Den,Artifact Land,0,W
Ancient Tomb,Land,0,
Angel of Indemnity,Creature — Warrior Angel,6,W
"Anim Pakal, Thousandth Moon",Legendary Creature — Human Soldier,3,WR
Approach of the Second Sun,Sorcery,7,W
"Arabella, Abandoned Doll",Legendary Artifact Creature — Toy,2,WR
Arbaaz Mir,Legendary Creature — Human Assassin,2,WR
Arbor Elf,Creature — Elf Druid,1,G
Arcane Signet,Artifact,2,
Archaeomancer's Map,Artifact,3,W
Archivist of Oghma,Creature — Cleric Halfling,2,W
Arena,Land,0,
"Argoth, Sanctum of Nature",Land,0,G
Arid Archway,Land — Desert,0,
Arid Mesa,Land,0,
"Armaggon, Future Shark",Legendary Creature — Horror Mutant Shark,8,B
"Arwen, Weaver of Hope",Legendary Creature — Elf Noble,3,G
Ash Barrens,Land,0,
Ashes of the Abhorrent,Enchantment,2,W
Astrid Peth,Legendary Creature — Human,2,W
Augur of Autumn,Creature — Human Druid,3,G
Aunt May,Legendary Creature — Human Citizen,1,W
Auriok Champion,Creature — Human Cleric,2,W
Authority of the Consuls,Enchantment,1,W
Avacyn's Pilgrim,Creature — Human Monk,1,WG
Avatar's Wrath,Sorcery,4,W
Azorius Signet,Artifact,2,WU
Baboon Spirit,Creature — Spirit Monkey,3,U
Badlands,Land — Swamp Mountain,0,BR
Bala Ged Recovery // Bala Ged Sanctuary,Sorcery,3,G
Baleful Strix,Artifact Creature — Bird,2,UB
Bant Panorama,Land,0,
Barkchannel Pathway // Tidechannel Pathway,Land,0,UG
Battlefield Forge,Land,0,WR
Bayou,Land — Swamp Forest,0,BG
Bazaar of Baghdad,Land,0,
Beast Within,Instant,3,G
Beastmaster Ascension,Enchantment,3,G
Become Immense,Instant,6,G
Bender's Waterskin,Artifact,3,
"Bennie Bracks, Zoologist",Legendary Creature — Elf Druid,4,W
Berserk,Instant,1,G
Bident of Thassa,Legendary Artifact Enchantment,4,U
Bigger on the Inside,Enchantment — Aura,5,RG
"Bilbo, Luckwearer // Burglar's Plot",Legendary Creature — Rogue Halfling,2,U
Birds of Paradise,Creature — Bird,1,G
Birthing Ritual,Enchantment,2,G
Bitterbloom Bearer,Creature — Rogue Faerie,2,B
"Black Widow, Agile Avenger",Legendary Creature — Human Spy Hero,3,WR
Blacksmith's Skill,Instant,1,W
Blood Artist,Creature — Vampire,2,B
Blood Crypt,Land — Swamp Mountain,0,BR
Bloodghast,Creature — Vampire Spirit,2,B
Bloodstained Mire,Land,0,
Bloombrute,Creature — Elemental Plant,4,WG
Blossoming Defense,Instant,1,G
Blossoming Tortoise,Creature — Turtle,4,G
Bojuka Bog,Land,0,B
Boros Signet,Artifact,2,WR
"Boseiju, Who Endures",Legendary Land,0,G
"Boseiju, Who Shelters All",Legendary Land,0,
Botanical Brawler,Creature — Warrior Elemental,2,WG
Bountiful Promenade,Land,0,WG
Bounty of the Hunt,Instant,5,G
Braided Net // Braided Quipu,Artifact,3,U
"Braids, Arisen Nightmare",Legendary Creature — Nightmare,3,B
Branch of Vitu-Ghazi,Land,0,
Branchloft Pathway // Boulderloft Pathway,Land,0,WG
Brash Taunter,Creature — Goblin,5,R
Brass Infiniscope,Artifact,4,
Brazen Borrower // Petty Theft,Creature — Rogue Faerie,3,U
Breeding Pool,Land — Island Forest,0,UG
Bridgeworks Battle // Tanglespan Bridgeworks,Sorcery,3,G
Brotherhood Regalia,Artifact — Equipment,2,
Brushland,Land,0,WG
Call Forth the Tempest,Sorcery,8,R
Canopy Vista,Land — Plains Forest,0,WG
Caretaker's Talent,Enchantment — Class,3,W
Case of the Uneaten Feast,Enchantment — Case,1,W
Castle Ardenvale,Land,0,W
Castle Garenbrig,Land,0,G
Cathar Commando,Creature — Human Soldier,2,W
Cauldron of Essence,Artifact,3,BG
Cavalier of Gales,Creature — Knight Elemental,5,U
Cavern of Souls,Land,0,
Caves of Koilos,Land,0,WB
"Celestine, the Living Saint",Legendary Creature — Human Warrior,5,W
Cephalid Facetaker,Creature — Rogue Octopus,3,U
Champion of Lambholt,Creature — Human Warrior,3,G
Changeling Outcast,Creature — Shapeshifter,1,B
Chaos Warp,Instant,3,R
Charismatic Conqueror,Creature — Vampire Soldier,2,W
Chivalric Alliance,Enchantment,2,W
Chocobo Camp,Land,0,G
Choose Your Weapon,Instant,3,G
Chromatic Orrery,Legendary Artifact,7,
Chrome Mox,Artifact,0,
Chthonian Nightmare,Enchantment,2,B
City of Brass,Land,0,
City of Shadows,Land,0,
City of Traitors,Land,0,
Claim Jumper,Creature — Mercenary Rabbit,3,W
Clearwater Pathway // Murkwater Pathway,Land,0,UB
Clever Concealment,Instant,4,W
Clifftop Lookout,Creature — Scout Frog,3,G
Clifftop Retreat,Land,0,WR
Clock of Omens,Artifact,4,
Cloud Pirates,Creature — Human Pirate,1,U
Coastal Piracy,Enchantment,4,U
Collective Resistance,Instant,2,G
Colossal Grave-Reaver,Creature — Dragon,8,BG
Command Beacon,Land,0,
Command Tower,Land,0,
Commander Liara Portyr,Legendary Creature — Human Soldier,5,WR
Conjurer's Closet,Artifact,5,
Crop Rotation,Instant,1,G
Cryptolith Fragment // Aurora of Emrakul,Artifact,3,
"Crystal Skull, Isu Spyglass",Legendary Artifact,4,U
Crystal Vein,Land,0,
Currency Converter,Artifact,1,
Cyclonic Rift,Instant,2,U
Daily Bugle Building,Land,0,
Damn,Sorcery,2,WB
Darkstar Augur,Creature — Bat Warlock,3,B
Dauthi Voidwalker,Creature — Rogue Dauthi,2,B
"Daxos, Blessed by the Sun",Legendary Enchantment Creature — Demigod,2,W
Deadly Rollick,Instant,4,B
"Deadpool, Trading Card",Legendary Creature — Mutant Mercenary Hero,4,BR
Deathcap Glade,Land,0,BG
Defend the Rider,Instant,1,G
Delighted Halfling,Creature — Citizen Halfling,1,G
"Delney, Streetwise Lookout",Legendary Creature — Human Scout,3,W
Departed Deckhand,Creature — Spirit Pirate,2,U
Descent into Avernus,Enchantment,3,R
Desert of the Indomitable,Land — Desert,0,G
Deserted Temple,Land,0,
Diamond Valley,Land,0,
Disciple of Freyalise // Garden of Freyalise,Creature — Elf Druid,6,G
Dispatch,Instant,1,W
Displace,Instant,3,U
Displacer Kitten,Creature — Beast Cat,4,U
"Donatello, the Brains",Legendary Creature — Mutant Ninja Turtle,3,U
Dour Port-Mage,Creature — Wizard Frog,2,U
Dowsing Dagger // Lost Vale,Artifact — Equipment,2,
Dr. Beverly Crusher,Legendary Creature — Human Doctor,3,W
Dread Return,Sorcery,4,B
Dreamroot Cascade,Land,0,UG
Dreamstone Hedron,Artifact,6,
Drowned Catacomb,Land,0,UB
Dryad Arbor,Land Creature — Dryad Forest,0,G
Dual-Sun Technique,Instant,2,W
Duelist's Heritage,Enchantment,3,W
Dusk // Dawn,Sorcery,9,W
Dusk Legion Duelist,Creature — Vampire Soldier,2,W
Echoing Deeps,Land — Cave,0,
"Edric, Spymaster of Trest",Legendary Creature — Elf Rogue,3,UG
Eiganjo Castle,Legendary Land,0,W
"Eiganjo, Seat of the Empire",Legendary Land,0,W
"Elas il-Kor, Sadistic Pilgrim",Legendary Creature — Cleric Kor Phyrexian,2,WB
"Elena, Turk Recruit",Legendary Creature — Human Assassin,3,W
Elenda's Hierophant,Creature — Vampire Cleric,3,W
"Elrond, Moon-Reader",Legendary Creature — Elf Noble,3,U
Elvish Mystic,Creature — Elf Druid,1,G
Elvish Spirit Guide,Creature — Elf Spirit,3,G
Embiggen,Instant,1,G
Emergence Zone,Land,0,
"Emeria's Call // Emeria, Shattered Skyclave",Sorcery,7,W
"Emeria, the Sky Ruin",Land,0,W
Empyrial Armor,Enchantment — Aura,3,W
Empyrial Plate,Artifact — Equipment,2,
Enduring Curiosity,Enchantment Creature — Cat Glimmer,4,U
Enduring Innocence,Enchantment Creature — Sheep Glimmer,3,W
Enigma Thief,Creature — Rogue Sphinx,7,U
Enlightened Tutor,Instant,1,W
Erode,Instant,1,W
Esper Sentinel,Artifact Creature — Human Soldier,1,W
Essence Channeler,Creature — Cleric Bat,2,W
Essence Flux,Instant,1,U
Essence Warden,Creature — Elf Shaman,1,G
"Etali, Primal Conqueror // Etali, Primal Sickness",Legendary Creature — Elder Dinosaur,7,RG
Eternal Witness,Creature — Human Shaman,3,G
Excise the Imperfect,Instant,3,W
Exemplar of Light,Creature — Angel,4,W
Exit Specialist,Creature — Human Detective,2,U
Exotic Orchard,Land,0,
Exploration,Enchantment,1,G
Fabled Passage,Land,0,
Faerie Mastermind,Creature — Rogue Faerie,2,U
Faerie Slumber Party,Sorcery,6,U
Falcon and Redwing,Legendary Creature — Human Bird Hero,3,W
Fanatic of Rhonas,Creature — Druid Snake,2,G
Farseek,Sorcery,2,G
Fear of Sleep Paralysis,Enchantment Creature — Nightmare,6,U
Fell the Profane // Fell Mire,Instant,4,B
Fellwar Stone,Artifact,2,
Feral Ferocity,Instant,2,G
Fetid Heath,Land,0,WB
Field of the Dead,Land,0,
Five Hundred Year Diary,Legendary Artifact — Clue Book,4,U
Flagstones of Trokair,Legendary Land,0,W
Flaming Fist,Legendary Enchantment — Background,3,W
Flare of Denial,Instant,3,U
Flitterwing Nuisance,Creature — Rogue Faerie,1,U
Flooded Grove,Land,0,UG
Flooded Strand,Land,0,
Forbidden Orchard,Land,0,
Forest,Basic Land — Forest,0,G
Fountainport,Land,0,
Fyndhorn Elves,Creature — Elf Druid,1,G
"Galactus, Devourer of Worlds",Legendary Creature — Elder Alien,10,
Galadriel's Dismissal,Instant,1,W
Gandalf the White,Legendary Creature — Wizard Avatar,5,W
"Gandalf, Shadow's Foe",Legendary Creature — Wizard Avatar,7,U
Geist of Saint Thalia,Legendary Creature — Cleric Spirit,2,U
Gemstone Caverns,Legendary Land,0,
"General Kreat, the Boltbringer",Legendary Creature — Goblin Soldier,3,R
Generous Gift,Instant,3,W
Generous Pup,Creature — Dog,2,W
Genji Glove,Artifact — Equipment,5,
Germination Practicum,Sorcery — Lesson,5,G
Ghost Quarter,Land,0,
Ghostly Flicker,Instant,3,U
Giant Growth,Instant,1,G
Gift of the Viper,Instant,1,G
Gilded Lotus,Artifact,5,
"Gix, Yawgmoth Praetor",Legendary Creature — Praetor Phyrexian,3,B
Glasspool Mimic // Glasspool Shore,Creature — Rogue Shapeshifter,3,U
Glitch Interpreter,Creature — Human Wizard,3,U
Gloomlake Verge,Land,0,UB
Godless Shrine,Land — Plains Swamp,0,WB
Golgari Thug,Creature — Human Warrior,2,B
"Gollum, Obsessed Stalker",Legendary Creature — Horror Halfling,2,B
Gossip's Talent,Enchantment — Class,2,U
Graduation Day,Enchantment,1,W
Graham O'Brien,Legendary Creature — Human Pilot,2,G
Grasslands,Land,0,
"Grazilaxx, Illithid Scholar",Legendary Creature — Horror,3,U
Great Hall of the Citadel,Land,0,
Grim Hireling,Creature — Rogue Tiefling,4,B
Groundswell,Instant,1,G
Grow Extra Arms,Instant,2,G
"Growing Rites of Itlimoc // Itlimoc, Cradle of the Sun",Legendary Enchantment,3,G
Guardian Scalelord,Creature — Dragon,5,W
Gudul Lurker,Creature — Salamander,1,U
Guff Rewrites History,Instant,3,R
Guide of Souls,Creature — Human Cleric,1,W
Guild Artisan,Legendary Enchantment — Background,2,R
"Halana and Alena, Partners",Legendary Creature — Human Ranger,4,RG
"Haliya, Guided by Light",Legendary Creature — Human Soldier,3,W
Hall of Echoes,Land,0,
Hall of the Bandit Lord,Legendary Land,0,
Hardened Scales,Enchantment,1,G
Hashep Oasis,Land — Desert,0,G
Haunted Library,Enchantment,2,W
Havenwood Battleground,Land,0,G
Haywire Mite,Artifact Creature — Insect,1,G
Healer's Hawk,Creature — Bird,1,W
Heartstone,Artifact,3,
Heartwood Crafter // Soul Tether,Creature — Elf Artificer,1,RG
Hedge Shredder,Artifact — Vehicle,4,G
Hedron Archive,Artifact,4,
"Heliod, Sun-Crowned",Legendary Enchantment Creature — God,3,W
Helpful Hunter,Creature — Cat,2,W
Herd Heirloom,Artifact,2,G
Hickory Woodlot,Land,0,G
Hide on the Ceiling,Instant,1,U
High Market,Land,0,
Hinterland Harbor,Land,0,UG
Hinterland Sanctifier,Creature — Cleric Rabbit,1,W
Hollow Trees,Land,0,G
Homeward Path,Land,0,
Horizon Canopy,Land,0,WG
Horizon of Progress,Land,0,
Horn of Gondor,Legendary Artifact,3,
Hushwood Verge,Land,0,WG
Icetill Explorer,Creature — Scout Insect,4,G
Idol of Oblivion,Artifact,2,
Ignis Scientia,Legendary Creature — Human Advisor,3,UG
"Ikra Shidiqi, the Usurper",Legendary Creature — Wizard Snake,5,BG
Illusionist's Bracers,Artifact — Equipment,2,
Illustrious Wanderglyph,Artifact Creature — Golem,5,W
Improvisation Capstone,Sorcery — Lesson,7,R
Incarnation Technique,Sorcery,5,B
Ingris Stingerquill,Legendary Creature — Elder Sphinx,3,BR
Inkfathom Infiltrator,Creature — Merfolk Rogue,2,UB
Inkshield,Instant,5,WB
"Inner Calm, Outer Strength",Instant — Arcane,3,G
Inspiring Overseer,Creature — Cleric Angel,3,W
Inspiring Statuary,Artifact,3,
Into the Flood Maw,Instant,1,U
Inventors' Fair,Legendary Land,0,
Invigorate,Instant,3,G
Invisible Stalker,Creature — Human Rogue,2,U
"Irma, Part-Time Mutant",Legendary Creature — Human Shapeshifter Mutant,3,U
Island,Basic Land — Island,0,U
Isolated Chapel,Land,0,WB
"Ixidor, Reality Sculptor",Legendary Creature — Human Wizard,5,U
"Jaheira, Friend of the Forest",Legendary Creature — Human Elf Druid,3,G
"James, Wandering Dad // Follow Him",Legendary Creature — Human Scientist,3,U
"Journey to Eternity // Atzal, Cave of Eternity",Legendary Enchantment — Aura,3,BG
Jund Panorama,Land,0,
"Justice, Vance Astrovik",Legendary Creature — Mutant Hero,3,U
Kami of Celebration,Creature — Spirit,5,R
Kami of False Hope,Creature — Spirit,1,W
Kami of Whispered Hopes,Creature — Spirit,3,G
"Kediss, Emberclaw Familiar",Legendary Creature — Elemental Lizard,2,R
"Kellan, the Fae-Blooded // Birthright Boon",Legendary Creature — Human Faerie,3,WR
Kindly Customer,Creature — Human Citizen,2,W
King Solomon's Frogs,Legendary Artifact,4,W
"King T'Challa // Black Panther, Hope Enduring",Legendary Creature — Human Hero Noble,3,WU
Knight of the White Orchid,Creature — Human Knight,2,W
Knuckles the Echidna,Legendary Creature — Warrior Echidna,4,R
Kodama of the West Tree,Legendary Creature — Spirit,3,G
"Kutzil, Malamet Exemplar",Legendary Creature — Warrior Cat,3,WG
"Laelia, the Blade Reforged",Legendary Creature — Warrior Spirit,3,R
Lazotep Quarry,Land — Desert,0,
Ledger Shredder,Creature — Bird Advisor,2,U
"Legion's Landing // Adanto, the First Fort",Legendary Enchantment,1,W
"Leonardo, Cutting Edge",Legendary Creature — Mutant Ninja Turtle,2,W
Leonin Elder,Creature — Cleric Cat,1,W
Lightning Greaves,Artifact — Equipment,2,
Liliana the Faultless,Legendary Creature — Human Cleric,1,W
Liliana the Repentant,Legendary Creature — Human Warlock,2,B
"Lita, Little Orphan Amphibian",Legendary Creature — Mutant Ninja Turtle,2,W
Living Death,Sorcery,5,B
Llanowar Elves,Creature — Elf Druid,1,G
Llanowar Wastes,Land,0,BG
"Lonis, Cryptozoologist",Legendary Creature — Elf Scout Snake,2,UG
Looter il-Kor,Creature — Rogue Kor,2,U
Loran of the Third Path,Legendary Creature — Human Artificer,3,W
Lord of Change,Creature — Demon,7,U
"Lotho, Corrupt Shirriff",Legendary Creature — Rogue Halfling,2,WB
Lotus Field,Land,0,
Lotus Petal,Artifact,0,
Lotus Vale,Land,0,
Loyal Warhound,Creature — Dog,2,W
"Lumra, Bellow of the Woods",Legendary Creature — Elemental Bear,6,G
Lunarch Veteran // Luminous Phantom,Creature — Human Cleric,1,W
"Lyra, Archangel of Dawn",Legendary Creature — Knight Angel,3,W
Mage-Ring Network,Land,0,
"Malcolm, Alluring Scoundrel",Legendary Creature — Pirate Siren,2,U
"Malcolm, Keen-Eyed Navigator",Legendary Creature — Pirate Siren,3,U
Mana Confluence,Land,0,
"Mangara, the Diplomat",Legendary Creature — Human Cleric,4,W
Marang River Regent // Coil and Catch,Creature — Dragon,6,U
Mariposa Military Base,Land,0,
Marsh Flats,Land,0,
Maze of Ith,Land,0,
"Meatsqueak, Hoard Lord",Legendary Creature — Squirrel,3,G
Mentor of the Meek,Creature — Human Soldier,3,W
Merchant of Venom,Creature — Cat Warlock,4,B
Metamorphosis Fanatic,Creature — Human Cleric,6,B
Might of Old Krosa,Instant,1,G
Might of the Nephilim,Instant,2,G
"Mikey & Leo, Chaos & Order",Legendary Creature — Mutant Ninja Turtle,2,WG
"Minamo, School at Water's Edge",Legendary Land,0,U
"Minas Morgul, Dark Fortress",Legendary Land,0,B
Minas Tirith,Legendary Land,0,W
"Miren, the Moaning Well",Legendary Land,0,
Mirror Entity,Creature — Shapeshifter,3,W
Mirrorpool,Land,0,
Mist-Cloaked Herald,Creature — Warrior Merfolk,1,U
"Mister Fantastic, Reed Richards",Legendary Creature — Human Scientist Hero,4,U
Misty Rainforest,Land,0,
"Mjölnir, Hammer of Thor",Legendary Artifact — Equipment,4,R
Mockingbird,Creature — Bird Bard,1,U
"Mole Man, Moloid Master",Legendary Creature — Human Villain,3,G
"Mona Lisa, Ever Adaptable",Legendary Creature — Mutant Lizard,4,G
"Mondrak, Glory Dominus",Legendary Creature — Horror Phyrexian,4,W
Monument to Endurance,Artifact,3,
Moonshaker Cavalry,Creature — Knight Spirit,8,W
Morphic Pool,Land,0,UB
"Moseo, Vein's New Dean",Legendary Creature — Skeleton Bird Warlock,3,B
Mosswort Bridge,Land,0,G
Mountain,Basic Land — Mountain,0,R
Mountain Valley,Land,0,
"Mutagen Man, Living Ooze",Legendary Creature — Ooze Mutant,2,G
Mutagenic Growth,Instant,1,G
Myriad Landscape,Land,0,
Mystifying Maze,Land,0,
Nature's Lore,Sorcery,2,G
Necron Deathmark,Artifact Creature — Necron,5,B
Nether Traitor,Creature — Spirit,2,B
Northampton Farm,Land,0,
Notorious Throng,Kindred Sorcery — Rogue,4,U
Noxious Gearhulk,Artifact Creature — Construct,6,B
Nurturing Peatland,Land,0,BG
"Oboro, Palace in the Clouds",Legendary Land,0,U
Officious Interrogation,Instant,2,WU
Ohran Frostfang,Snow Creature — Snake,5,G
"Okina, Temple to the Grandfathers",Legendary Land,0,G
"Oko, Thief of Crowns",Legendary Planeswalker — Oko,3,UG
Ominous Cemetery,Land,0,
Orcish Bowmasters,Creature — Archer Orc,2,B
Orochi Soul-Reaver,Creature — Rogue Snake Ninja,6,B
Orzhov Signet,Artifact,2,WB
"Osgood, Operation Double",Legendary Creature — Human Shapeshifter Alien,4,U
"Otawara, Soaring City",Legendary Land,0,U
Ouroboroid,Creature — Plant Wurm,4,G
Overgrown Farmland,Land,0,WG
Overgrown Tomb,Land — Swamp Forest,0,BG
Overprotect,Instant,2,G
"Ozolith, the Shattered Spire",Legendary Artifact,2,G
Parting Gust,Instant,2,W
Path of Ancestry,Land,0,
Path to Exile,Instant,1,W
Patrolling Peacemaker,Artifact Creature — Soldier Robot,3,W
Pearl Medallion,Artifact,2,
Pendelhaven,Legendary Land,0,G
Peregrin Took,Legendary Creature — Citizen Halfling,3,G
Pest Infestation,Sorcery,1,G
Phyrexian Tower,Legendary Land,0,B
Phytoburst,Sorcery,2,G
"Pia, Aether Ascetic",Legendary Creature — Human Druid,3,G
Pit of Offerings,Land — Cave,0,
Plains,Basic Land — Plains,0,W
Plateau,Land — Plains Mountain,0,WR
Plaza of Heroes,Land,0,
Polluted Delta,Land,0,
Powerleech,Enchantment,2,G
Primal Druid,Creature — Human Druid,2,G
Primal Witchstalker,Creature — Wolf,3,BG
Primordial Mist,Enchantment,5,U
Prismatic Vista,Land,0,
Professional Face-Breaker,Creature — Human Warrior,3,R
"Prosper, Tome-Bound",Legendary Creature — Warlock Tiefling,4,BR
Prowling Geistcatcher,Creature — Human Rogue,4,B
"Raff Capashen, Ship's Mage",Legendary Creature — Human Wizard,4,WU
Ram Through,Instant,2,G
Ranger's Guile,Instant,1,G
Razorgrass Ambush // Razorgrass Field,Instant,2,W
Razortide Bridge,Artifact Land,0,WU
Razorverge Thicket,Land,0,WG
Reclamation Sage,Creature — Elf Shaman,3,G
Reconnaissance Mission,Enchantment,4,U
Recruiter of the Guard,Creature — Human Soldier,3,W
Redemption Choir,Creature — Vampire Cleric,4,W
Regrowth,Sorcery,2,G
Rejuvenating Springs,Land,0,UG
"Reki, the History of Kamigawa",Legendary Creature — Human Shaman,3,G
Relic of Legends,Artifact,3,
Reliquary Tower,Land,0,
Remote Farm,Land,0,W
Restoration Seminar,Sorcery — Lesson,7,W
Return of the Wildspeaker,Instant,5,G
Revive,Sorcery,2,G
Rhythm of the Wild,Enchantment,3,RG
Righteous Cause,Enchantment,5,W
Ring of the Lucii,Legendary Artifact,4,
Ripples of Undeath,Enchantment,2,B
Rise of the Witch-king,Sorcery,4,BG
Rivendell,Legendary Land,0,U
River of Tears,Land,0,UB
"Rocco, Street Chef",Legendary Creature — Elf Druid,3,WRG
Rogue's Passage,Land,0,
Rosie Cotton of South Lane,Legendary Creature — Peasant Halfling,3,W
Royal Treatment,Instant,1,G
Rushwood Grove,Land,0,G
Rustler Rampage,Instant,1,W
Sacred Foundry,Land — Plains Mountain,0,WR
Safe Haven,Land,0,
Sakura-Tribe Elder,Creature — Shaman Snake,2,G
Samwise Gamgee,Legendary Creature — Peasant Halfling,2,WG
Sanctum of Eternity,Land,0,
Sand Scout,Creature — Human Scout,2,W
Sandstorm Verge,Land — Desert,0,
"Saradoc, Master of Buckland",Legendary Creature — Citizen Halfling,4,W
Sarah Jane Smith,Legendary Creature — Human Detective,2,W
"Sash and Waistcoat, Unmen",Legendary Creature — Rogue Insect,2,U
Satyr Wayfinder,Creature — Satyr,2,G
Savai Triome,Land — Plains Swamp Mountain,0,WBR
Savannah,Land — Plains Forest,0,WG
Scale Up,Sorcery,1,G
Scavenger Grounds,Land — Desert,0,
Scavenging Ooze,Creature — Ooze,2,G
Scent of Ivy,Instant,1,G
Sceptre of Eternal Glory,Legendary Artifact,4,
Scheming Silvertongue // Sign in Blood,Creature — Vampire Warlock,2,B
Scorched Ruins,Land,0,
Scourge of Fleets,Creature — Kraken,7,U
Scroll Rack,Artifact,2,
Scroll of Fate,Artifact,3,
Scrubland,Land — Plains Swamp,0,WB
Seat of the Synod,Artifact Land,0,U
Selfless Spirit,Creature — Cleric Spirit,2,W
"Sephiroth, Fabled SOLDIER // Sephiroth, One-Winged Angel",Legendary Creature — Human Soldier Avatar,3,B
Sequestered Stash,Land,0,
Serah Farron // Crystallized Serah,Legendary Creature — Human Citizen,3,WG
Sergeant John Benton,Legendary Creature — Human Soldier,3,WG
Sevinne's Reclamation,Sorcery,3,W
Shadowspear,Legendary Artifact — Equipment,1,
"Shanid, Sleepers' Scourge",Legendary Creature — Human Knight,4,WBR
Share the Spoils,Enchantment,2,R
Shefet Dunes,Land — Desert,0,W
Shifting Woodland,Land,0,G
Shipwreck Marsh,Land,0,UB
Shire Terrace,Land,0,
"Shizo, Death's Storehouse",Legendary Land,0,B
Shoreline Looter,Creature — Rat Rogue,2,U
Shroofus Sproutsire,Legendary Creature — Saproling,3,G
Silent Hallcreeper,Enchantment Creature — Horror,2,U
Silver Shroud Costume,Artifact — Equipment,2,
"Silver Surfer, Cosmic Voyager",Legendary Creature — Hero Alien,6,U
Simulacrum Shaper,Creature — Elf Druid,3,G
Sink into Stupor // Soporific Springs,Instant,3,U
Sire of Seven Deaths,Creature — Eldrazi,7,
Siren Stormtamer,Creature — Wizard Pirate Siren,1,U
Six,Legendary Creature — Treefolk,3,G
Skateboard,Artifact — Equipment,1,
Skullclamp,Artifact — Equipment,1,
Skullwinder,Creature — Snake,3,G
Skyfisher Spider,Creature — Spider,4,BG
Skyserpent Seeker,Creature — Snake,2,UG
Slippery Karst,Land,0,G
Slither Blade,Creature — Rogue Snake,1,U
Snakeskin Veil,Instant,1,G
Snow-Covered Forest,Basic Snow Land — Forest,0,G
Snow-Covered Swamp,Basic Snow Land — Swamp,0,B
Sol Ring,Artifact,1,
Sol Talisman,Artifact,0,
Solarium Sentry,Creature — Soldier Cat,2,WG
Solitude,Creature — Elemental Incarnation,5,W
Sonic Screwdriver,Artifact,3,
Soul Warden,Creature — Human Cleric,1,W
Soul's Attendant,Creature — Human Cleric,1,W
Sovereign Okinec Ahau,Legendary Creature — Cat Noble,4,WG
Spara's Headquarters,Land — Plains Island Forest,0,WUG
Speaker of the Heavens,Creature — Human Cleric,1,W
Spectacular Spider-Man,Legendary Creature — Human Spider Hero,2,W
Spectral Sailor,Creature — Spirit Pirate,1,U
Spellbook,Artifact — Book,0,
Spellskite,Artifact Creature — Horror Phyrexian,2,U
Spinner of Souls,Creature — Spirit Spider,3,G
Spirited Companion,Enchantment Creature — Dog,2,W
Springheart Nantuko,Enchantment Creature — Monk Insect,2,G
Spry and Mighty,Sorcery,5,G
Spyglass Siren,Creature — Pirate Siren,1,U
Steelshaper's Gift,Sorcery,1,W
Stinkweed Imp,Creature — Imp,3,B
Stitcher's Supplier,Creature — Zombie,1,B
Stoneforge Mystic,Creature — Artificer Kor,2,W
Stonespeaker Crystal,Artifact,4,
Stratus Dancer,Creature — Djinn Monk,2,U
Stridehangar Automaton,Artifact Creature — Construct,3,
Studious First-Year // Rampant Growth,Creature — Wizard Bear,1,G
"Subira, Tulzidi Caravanner",Legendary Creature — Human Shaman,3,R
Summer Bloom,Sorcery,2,G
Sun Titan,Creature — Giant,6,W
Sundering Eruption // Volcanic Fissure,Sorcery,3,R
Sungrass Prairie,Land,0,WG
Sunken Citadel,Land — Cave,0,
Sunken Ruins,Land,0,UB
Sunpetal Grove,Land,0,WG
Suspend Aggression,Instant,3,WR
Suture Priest,Creature — Cleric Phyrexian,2,W
Swamp,Basic Land — Swamp,0,B
Sword of Hearth and Home,Artifact — Equipment,3,
Swords to Plowshares,Instant,1,W
Sylvan Library,Enchantment,2,G
"Takenuma, Abandoned Mire",Legendary Land,0,B
Talisman of Conviction,Artifact,2,WR
Talisman of Hierarchy,Artifact,2,WB
Talisman of Indulgence,Artifact,2,BR
Talisman of Progress,Artifact,2,WU
Talon Gates of Madara,Land — Gate,0,
Tamiyo's Safekeeping,Instant,1,G
Tanglepool Bridge,Artifact Land,0,UG
Tataru Taru,Legendary Creature — Advisor Dwarf,2,W
Tegwyll's Scouring,Sorcery,6,B
Temple Garden,Land — Plains Forest,0,WG
Temple of the False God,Land,0,
Terrain Generator,Land,0,
Terrasymbiosis,Enchantment,3,G
Tezzeret the Seeker,Legendary Planeswalker — Tezzeret,5,U
"Thassa, Deep-Dwelling",Legendary Enchantment Creature — God,4,U
The Blue Spirit,Legendary Creature — Human Rogue Ally,4,U
The Cabbage Merchant,Legendary Creature — Human Citizen,3,G
The Destined Thief,Legendary Creature — Human Rogue,3,U
The Destined White Mage,Legendary Creature — Human Cleric,3,W
The Echoverse Fulcrum,Legendary Artifact,2,
The Eternity Elevator,Legendary Artifact — Spacecraft,5,
The Fourth Doctor,Legendary Creature — Doctor Time Lord,4,UG
The Gaffer,Legendary Creature — Peasant Halfling,3,W
The Goose Mother,Legendary Creature — Bird Hydra,2,UG
The Great Henge,Legendary Artifact,9,G
The Grey Havens,Legendary Land,0,
The Indomitable,Legendary Artifact — Vehicle,4,U
The Meathook Massacre,Legendary Enchantment,2,B
The One Ring,Legendary Artifact,4,
The Ooze,Legendary Artifact,2,
The Ozolith,Legendary Artifact,1,
The Queen of Dale,Legendary Creature — Human Noble,2,W
The Reaver Cleaver,Legendary Artifact — Equipment,3,R
The Shire,Legendary Land,0,G
The Tabernacle at Pendrell Vale,Legendary Land,0,
"The Theorist, Jace Beleren",Legendary Planeswalker — Jace,4,U
The Wondrous Wasp,Legendary Creature — Human Hero,2,U
Thespian's Stage,Land,0,
Thieves' Tools,Artifact — Equipment,2,B
Thieving Skydiver,Creature — Merfolk Rogue,2,U
Thornglint Bridge,Artifact Land,0,WG
Thran Dynamo,Artifact,4,
Three Tree City,Legendary Land,0,
Three Visits,Sorcery,2,G
Thundering Raiju,Creature — Spirit,4,R
Tifa's Limit Break,Instant,1,G
"Tigra, Feline Fury",Legendary Creature — Human Cat Hero,2,G
"Tippy-Toe, Terrific Partner",Legendary Creature — Squirrel Hero,4,G
Titanic Growth,Instant,2,G
Tocasia's Welcome,Enchantment,3,W
Tolaria,Legendary Land,0,U
"Tom, Bert, and William",Legendary Creature — Troll,5,BG
Tormented Soul,Creature — Spirit,1,B
"Toski, Bearer of Secrets",Legendary Creature — Squirrel,4,G
Touch the Spirit Realm,Enchantment,3,W
Tower of the Magistrate,Land,0,
Town Greeter,Creature — Human Citizen,2,G
Training Grounds,Enchantment,1,U
Tranquil Thicket,Land,0,G
Transmutation Font,Artifact,5,
Tree of Tales,Artifact Land,0,G
"Trelasarra, Moon Dancer",Legendary Creature — Cleric Elf,2,WG
Trenzalore Clocktower,Legendary Land,0,U
"Tri-Sentinel, Act of Vengeance",Legendary Artifact Creature — Villain Robot,7,
Trial of a Time Lord,Enchantment — Saga,3,W
Triton Shorestalker,Creature — Merfolk Rogue,1,U
Tropical Island,Land — Island Forest,0,UG
Trouble in Pairs,Enchantment,4,W
Tundra,Land — Plains Island,0,WU
Turbulent Fen,Land — Swamp Forest,0,BG
Twilight Mire,Land,0,BG
Tymna the Weaver,Legendary Creature — Human Cleric,3,WB
Tyvar's Stand,Instant,1,G
Umbral Collar Zealot,Creature — Human Cleric,2,B
Underdark Rift,Land,0,
Underground Mortuary,Land — Swamp Forest,0,BG
Underground Sea,Land — Island Swamp,0,UB
Undergrowth Stadium,Land,0,BG
Unflinching Hortimancer,Creature — Human Cleric,2,W
Unstoppable Plan,Enchantment,3,U
Unsubstantiate,Instant,2,U
"Untaidake, the Cloud Keeper",Legendary Land,0,
Ur-Golem's Eye,Artifact,4,
"Urborg, Tomb of Yawgmoth",Legendary Land,0,
Urza's Cave,Land — Urza's Cave,0,
"Urza, Lord High Artificer",Legendary Creature — Human Artificer,4,U
Utopia Sprawl,Enchantment — Aura,1,G
Vedalken Infiltrator,Creature — Rogue Vedalken,2,U
Vein Ripper,Creature — Vampire Assassin,6,B
"Venser, Shaper Savant",Legendary Creature — Human Wizard,4,U
Verdant Catacombs,Land,0,
Vernal Fen,Land — Swamp Forest,0,BG
Vesuva,Land,0,
Villainous Wrath,Sorcery,5,B
Vines of Vastwood,Instant,1,G
Viridian Emissary,Creature — Elf Scout Phyrexian,2,G
Virulent Emissary,Creature — Elf Assassin,1,G
"Vito, Thorn of the Dusk Rose",Legendary Creature — Vampire Cleric,3,B
Voice of Victory,Creature — Human Bard,2,W
Voice of the Blessed,Creature — Cleric Spirit,2,W
Voidwalk,Sorcery,4,U
"Vraska, the Cutting Glare",Legendary Creature — Assassin Gorgon,3,BG
Walking Ballista,Artifact Creature — Construct,0,
Wall of Omens,Creature — Wall,2,W
"Wan Shi Tong, All-Knowing",Legendary Creature — Bird Spirit,5,U
"Wan Shi Tong, Librarian",Legendary Creature — Bird Spirit,2,U
War Room,Land,0,
Wasteland,Land,0,
Wastewood Verge,Land,0,BG
Waterbender Ascension,Enchantment,2,U
Waterbender's Restoration,Instant — Lesson,2,U
Watery Grave,Land — Island Swamp,0,UB
Wayfarer's Bauble,Artifact,1,
Welcoming Vampire,Creature — Vampire,3,W
Whitemane Lion,Creature — Cat,2,W
Wight of the Reliquary,Creature — Knight Zombie,2,BG
Wild Defiance,Enchantment,3,G
Wild Growth,Enchantment — Aura,1,G
Wild Wasteland,Enchantment,3,R
Willbender,Creature — Human Wizard,2,U
Willowrush Verge,Land,0,UG
Winding Canyons,Land,0,
Windswept Heath,Land,0,
"Winter, Tormented Loner",Legendary Creature — Human Warlock,3,B
Witch Enchanter // Witch-Blessed Meadow,Creature — Human Warlock,4,W
Witch's Clinic,Land,0,
Wonder,Creature — Incarnation,4,U
Wood Elves,Creature — Elf Scout,3,G
Wooded Bastion,Land,0,WG
Wooded Foothills,Land,0,
Woodland Cemetery,Land,0,BG
Wu Light Cavalry,Creature — Human Soldier,2,U
Wurmcoil Engine,Artifact Creature — Wurm Phyrexian,6,
Y'shtola Rhul,Legendary Creature — Druid Cat,6,U
Yavimaya Hollow,Legendary Land,0,G
"Yavimaya, Cradle of Growth",Legendary Land,0,
Yotian Dissident,Creature — Human Artificer,2,WG
Zagoth Triome,Land — Island Swamp Forest,0,UBG
Zoetic Cavern,Land,0,
Zulaport Cutthroat,Creature — Human Rogue Ally,2,B
