date,deck_id,card_name,set_code,finish,proxied,quantity
2026-10-05,4279849,Aerith Gainsborough,fin,Normal,false,1
2026-10-05,4279849,Ajani Resolute,fra,Normal,true,1
2026-10-05,4279849,"Ajani, Strength of the Pride",m20,Normal,false,1
2026-10-05,4279849,Ancient Tomb,zne,Foil,false,1
2026-10-05,4279849,Archivist of Oghma,clb,Normal,false,1
2026-10-05,4279849,Ashes of the Abhorrent,xln,Normal,false,1
2026-10-05,4279849,Augur of Autumn,mid,Foil,false,1
2026-10-05,4279849,Aunt May,spm,Normal,false,1
2026-10-05,4279849,Auriok Champion,ima,Normal,false,1
2026-10-05,4279849,Authority of the Consuls,kld,Normal,false,1
2026-10-05,4279849,Avatar's Wrath,tla,Foil,false,1
2026-10-05,4279849,Beast Within,sld,Foil,false,1
2026-10-05,4279849,Bloombrute,fra,Normal,true,1
2026-10-05,4279849,"Boseiju, Who Endures",neo,Normal,false,1
2026-10-05,4279849,Bountiful Promenade,clb,Normal,false,1
2026-10-05,4279849,Branchloft Pathway // Boulderloft Pathway,znr,Foil,false,1
2026-10-05,4279849,Brushland,bro,Foil,false,1
2026-10-05,4279849,Canopy Vista,ltc,Normal,false,1
2026-10-05,4279849,Case of the Uneaten Feast,mkm,Foil,false,1
2026-10-05,4279849,"Celestine, the Living Saint",40k,Normal,false,1
2026-10-05,4279849,City of Brass,2x2,Foil,false,1
2026-10-05,4279849,Command Tower,sld,Foil,false,1
2026-10-05,4279849,Dr. Beverly Crusher,trk,Normal,true,1
2026-10-05,4279849,Elenda's Hierophant,lcc,Normal,false,1
2026-10-05,4279849,Enduring Innocence,dsk,Normal,false,1
2026-10-05,4279849,Esper Sentinel,mh2,Normal,true,1
2026-10-05,4279849,Essence Channeler,blb,Foil,false,1
2026-10-05,4279849,Essence Warden,plc,Normal,false,1
2026-10-05,4279849,Exemplar of Light,fdn,Foil,false,1
2026-10-05,4279849,Forest,ltr,Normal,false,1
2026-10-05,4279849,Forest,snc,Normal,false,1
2026-10-05,4279849,Forest,tdm,Foil,false,1
2026-10-05,4279849,Forest,und,Foil,false,1
2026-10-05,4279849,Generous Gift,cmm,Normal,false,1
2026-10-05,4279849,Guide of Souls,sch,Foil,false,1
2026-10-05,4279849,"Haliya, Guided by Light",eoe,Normal,false,1
2026-10-05,4279849,Hashep Oasis,otc,Normal,false,1
2026-10-05,4279849,Haywire Mite,bro,Foil,false,1
2026-10-05,4279849,Healer's Hawk,jmp,Normal,false,1
2026-10-05,4279849,"Heliod, Sun-Crowned",sld,Foil,false,1
2026-10-05,4279849,Herd Heirloom,tdm,Normal,false,1
2026-10-05,4279849,Hinterland Sanctifier,j25,Normal,false,1
2026-10-05,4279849,Horizon Canopy,zne,Normal,false,1
2026-10-05,4279849,Hushwood Verge,dsk,Normal,false,1
2026-10-05,4279849,Kodama of the West Tree,j25,Normal,false,1
2026-10-05,4279849,"Leonardo, Cutting Edge",tmt,Normal,false,1
2026-10-05,4279849,Leonin Elder,mrd,Normal,false,1
2026-10-05,4279849,Liliana the Faultless,fra,Normal,true,1
2026-10-05,4279849,Lunarch Veteran // Luminous Phantom,mid,Normal,false,1
2026-10-05,4279849,"Lyra, Archangel of Dawn",fra,Normal,true,1
2026-10-05,4279849,Mana Confluence,jou,Normal,false,1
2026-10-05,4279849,"Mikey & Leo, Chaos & Order",tmt,Normal,false,1
2026-10-05,4279849,Overgrown Farmland,dbl,Normal,false,1
2026-10-05,4279849,Path to Exile,otp,Normal,false,1
2026-10-05,4279849,Pest Infestation,otp,Normal,false,1
2026-10-05,4279849,Plains,blb,Foil,false,1
2026-10-05,4279849,Plains,dmu,Foil,false,1
2026-10-05,4279849,Plains,eoe,Normal,false,1
2026-10-05,4279849,Plains,neo,Normal,false,1
2026-10-05,4279849,Plains,one,Foil,false,1
2026-10-05,4279849,Plains,sld,Foil,false,1
2026-10-05,4279849,Plains,sos,Foil,false,1
2026-10-05,4279849,Plains,thb,Normal,false,1
2026-10-05,4279849,Plains,tla,Normal,false,1
2026-10-05,4279849,Plains,ugl,Normal,false,1
2026-10-05,4279849,Powerleech,atq,Normal,false,1
2026-10-05,4279849,Return of the Wildspeaker,znc,Normal,false,1
2026-10-05,4279849,Righteous Cause,ons,Normal,false,1
2026-10-05,4279849,Rogue's Passage,sld,Foil,false,1
2026-10-05,4279849,Savannah,3ed,Normal,false,1
2026-10-05,4279849,Scavenging Ooze,plg21,Foil,false,1
2026-10-05,4279849,Sevinne's Reclamation,c19,Normal,false,1
2026-10-05,4279849,Shadowspear,thb,Normal,false,1
2026-10-05,4279849,Shefet Dunes,otc,Normal,false,1
2026-10-05,4279849,Solarium Sentry,fra,Normal,true,1
2026-10-05,4279849,Solitude,spg,Foil,false,1
2026-10-05,4279849,Soul Warden,m10,Foil,false,1
2026-10-05,4279849,Soul's Attendant,ltc,Foil,false,1
2026-10-05,4279849,Spry and Mighty,ecl,Normal,false,1
2026-10-05,4279849,Sungrass Prairie,c19,Normal,false,1
2026-10-05,4279849,Sunpetal Grove,m10,Normal,false,1
2026-10-05,4279849,Suture Priest,nph,Normal,false,1
2026-10-05,4279849,Swords to Plowshares,sld,Foil,false,1
2026-10-05,4279849,Sylvan Library,cc1,Normal,false,1
2026-10-05,4279849,Temple Garden,unf,Normal,false,1
2026-10-05,4279849,Terrasymbiosis,eoe,Foil,false,1
2026-10-05,4279849,The Destined White Mage,fic,Foil,false,1
2026-10-05,4279849,The Gaffer,ltc,Normal,false,1
2026-10-05,4279849,The Great Henge,eld,Normal,false,1
2026-10-05,4279849,The One Ring,ltr,Foil,false,1
2026-10-05,4279849,The Queen of Dale,hob,Normal,true,1
2026-10-05,4279849,"Tigra, Feline Fury",msh,Normal,false,1
2026-10-05,4279849,"Trelasarra, Moon Dancer",afr,Foil,false,1
2026-10-05,4279849,Unflinching Hortimancer,fra,Normal,true,1
2026-10-05,4279849,Virulent Emissary,ecl,Foil,false,1
2026-10-05,4279849,Voice of the Blessed,vow,Foil,false,1
2026-10-05,4279849,Windswept Heath,ktk,Normal,false,1
2026-10-05,4279849,Witch Enchanter // Witch-Blessed Meadow,sld,Foil,false,1
2026-10-05,4279849,Wooded Bastion,shm,Normal,false,1
2026-10-05,4279849,"Yavimaya, Cradle of Growth",mh2,Foil,false,1
2026-10-05,5005670,Baleful Strix,blc,Normal,false,1
2026-10-05,5005670,Barkchannel Pathway // Tidechannel Pathway,khm,Normal,false,1
2026-10-05,5005670,Beast Within,ncc,Normal,false,1
2026-10-05,5005670,Beastmaster Ascension,ncc,Normal,false,1
2026-10-05,5005670,Bident of Thassa,ths,Normal,false,1
2026-10-05,5005670,"Bilbo, Luckwearer // Burglar's Plot",pw26,Normal,false,1
2026-10-05,5005670,Bitterbloom Bearer,ecl,Normal,false,1
2026-10-05,5005670,Brazen Borrower // Petty Theft,spg,Normal,false,1
2026-10-05,5005670,Breeding Pool,gtc,Normal,false,1
2026-10-05,5005670,Cephalid Facetaker,ncc,Normal,false,1
2026-10-05,5005670,Changeling Outcast,h1r,Foil,false,1
2026-10-05,5005670,Clearwater Pathway // Murkwater Pathway,znr,Normal,false,1
2026-10-05,5005670,Cloud Pirates,por,Normal,false,1
2026-10-05,5005670,Coastal Piracy,jmp,Normal,false,1
2026-10-05,5005670,Command Tower,brc,Normal,false,1
2026-10-05,5005670,Dauthi Voidwalker,sld,Foil,false,1
2026-10-05,5005670,Departed Deckhand,lcc,Normal,false,1
2026-10-05,5005670,Dreamroot Cascade,who,Normal,false,1
2026-10-05,5005670,Drowned Catacomb,ltc,Normal,false,1
2026-10-05,5005670,"Edric, Spymaster of Trest",cns,Normal,false,1
2026-10-05,5005670,Enduring Curiosity,dsk,Normal,false,1
2026-10-05,5005670,Exotic Orchard,brc,Normal,false,1
2026-10-05,5005670,Faerie Mastermind,pmom,Normal,false,1
2026-10-05,5005670,Faerie Slumber Party,woe,Normal,false,1
2026-10-05,5005670,Fell the Profane // Fell Mire,mh3,Normal,false,1
2026-10-05,5005670,Flare of Denial,mh3,Normal,false,1
2026-10-05,5005670,Flitterwing Nuisance,ecl,Normal,false,1
2026-10-05,5005670,Flooded Grove,ltc,Normal,false,1
2026-10-05,5005670,Forest,inr,Normal,false,1
2026-10-05,5005670,Geist of Saint Thalia,fra,Normal,true,1
2026-10-05,5005670,"Gix, Yawgmoth Praetor",pbro,Normal,false,1
2026-10-05,5005670,Gloomlake Verge,dsk,Normal,false,1
2026-10-05,5005670,"Grazilaxx, Illithid Scholar",clb,Normal,false,1
2026-10-05,5005670,Grim Hireling,afc,Normal,false,1
2026-10-05,5005670,Gudul Lurker,dtk,Normal,false,1
2026-10-05,5005670,Hinterland Harbor,ltc,Normal,false,1
2026-10-05,5005670,"Ikra Shidiqi, the Usurper",c16,Foil,false,1
2026-10-05,5005670,Inkfathom Infiltrator,plst,Normal,false,1
2026-10-05,5005670,Into the Flood Maw,blb,Normal,false,1
2026-10-05,5005670,Invisible Stalker,znc,Normal,false,1
2026-10-05,5005670,"Irma, Part-Time Mutant",tmc,Normal,false,1
2026-10-05,5005670,Island,brc,Normal,false,7
2026-10-05,5005670,Ledger Shredder,snc,Normal,false,1
2026-10-05,5005670,Lightning Greaves,who,Normal,false,1
2026-10-05,5005670,Looter il-Kor,ncc,Normal,false,1
2026-10-05,5005670,"Malcolm, Alluring Scoundrel",plci,Normal,false,1
2026-10-05,5005670,"Malcolm, Keen-Eyed Navigator",spg,Foil,false,1
2026-10-05,5005670,Mist-Cloaked Herald,rix,Normal,false,1
2026-10-05,5005670,Misty Rainforest,zne,Normal,false,1
2026-10-05,5005670,Mockingbird,blb,Normal,false,1
2026-10-05,5005670,Morphic Pool,clb,Normal,false,1
2026-10-05,5005670,Nether Traitor,tsp,Normal,false,1
2026-10-05,5005670,Notorious Throng,znc,Normal,false,1
2026-10-05,5005670,Ohran Frostfang,c19,Normal,false,1
2026-10-05,5005670,Orochi Soul-Reaver,otc,Normal,false,1
2026-10-05,5005670,"Otawara, Soaring City",neo,Normal,false,1
2026-10-05,5005670,Path of Ancestry,brc,Normal,false,1
2026-10-05,5005670,Polluted Delta,zne,Normal,false,1
2026-10-05,5005670,Reconnaissance Mission,iko,Normal,false,1
2026-10-05,5005670,Rejuvenating Springs,ltc,Normal,false,1
2026-10-05,5005670,River of Tears,fut,Normal,false,1
2026-10-05,5005670,Scale Up,h1r,Foil,false,1
2026-10-05,5005670,Shipwreck Marsh,mid,Normal,false,1
2026-10-05,5005670,Shoreline Looter,blb,Foil,false,1
2026-10-05,5005670,Silent Hallcreeper,dsk,Normal,false,1
2026-10-05,5005670,Sink into Stupor // Soporific Springs,mh3,Normal,false,1
2026-10-05,5005670,Siren Stormtamer,lcc,Normal,false,1
2026-10-05,5005670,Skateboard,tmt,Normal,false,1
2026-10-05,5005670,Skyserpent Seeker,dft,Normal,false,1
2026-10-05,5005670,Slither Blade,znc,Normal,false,1
2026-10-05,5005670,Spectral Sailor,lcc,Normal,false,1
2026-10-05,5005670,Spyglass Siren,lci,Normal,false,1
2026-10-05,5005670,Sunken Ruins,fic,Normal,false,1
2026-10-05,5005670,Swamp,brc,Normal,false,3
2026-10-05,5005670,Tegwyll's Scouring,woc,Normal,false,1
2026-10-05,5005670,Tezzeret the Seeker,sld,Normal,true,1
2026-10-05,5005670,The Destined Thief,fic,Foil,true,1
2026-10-05,5005670,The Indomitable,lcc,Normal,false,1
2026-10-05,5005670,Thieving Skydiver,znr,Normal,false,1
2026-10-05,5005670,Tormented Soul,m12,Normal,false,1
2026-10-05,5005670,"Toski, Bearer of Secrets",spg,Normal,false,1
2026-10-05,5005670,Triton Shorestalker,znc,Normal,false,1
2026-10-05,5005670,Tropical Island,3ed,Normal,true,1
2026-10-05,5005670,Underground Sea,3ed,Normal,true,1
2026-10-05,5005670,Unsubstantiate,m21,Normal,false,1
2026-10-05,5005670,Vedalken Infiltrator,mh2,Normal,false,1
2026-10-05,5005670,"Wan Shi Tong, Librarian",tla,Foil,false,1
2026-10-05,5005670,Waterbender Ascension,tla,Normal,false,1
2026-10-05,5005670,Watery Grave,grn,Normal,false,1
2026-10-05,5005670,Willowrush Verge,dft,Normal,false,1
2026-10-05,5005670,Wu Light Cavalry,ptk,Normal,false,1
2026-10-05,5005670,Zagoth Triome,iko,Normal,false,1
2026-10-05,5714358,"Aang, Swift Savior // Aang and La, Ocean's Fury",tla,Foil,false,1
2026-10-05,5714358,Academy Manufactor,sld,Foil,false,1
2026-10-05,5714358,Academy Ruins,2xm,Normal,false,1
2026-10-05,5714358,"Adrix and Nev, Twincasters",c21,Foil,false,1
2026-10-05,5714358,Ancient Den,mrd,Normal,false,1
2026-10-05,5714358,Arcane Signet,p30m,Etched,false,1
2026-10-05,5714358,Astrid Peth,who,Normal,false,1
2026-10-05,5714358,Azorius Signet,gk2,Normal,false,1
2026-10-05,5714358,"Boseiju, Who Endures",neo,Normal,true,1
2026-10-05,5714358,Braided Net // Braided Quipu,lci,Normal,false,1
2026-10-05,5714358,Clock of Omens,5dn,Normal,false,1
2026-10-05,5714358,Command Tower,who,Normal,false,1
2026-10-05,5714358,Cryptolith Fragment // Aurora of Emrakul,inr,Normal,false,1
2026-10-05,5714358,"Crystal Skull, Isu Spyglass",acr,Etched,false,1
2026-10-05,5714358,Cyclonic Rift,soa,Normal,true,1
2026-10-05,5714358,Dispatch,eoc,Normal,false,1
2026-10-05,5714358,"Donatello, the Brains",tmc,Foil,false,1
2026-10-05,5714358,Eiganjo Castle,sld,Normal,false,1
2026-10-05,5714358,"Eiganjo, Seat of the Empire",neo,Foil,false,1
2026-10-05,5714358,"Elena, Turk Recruit",fic,Normal,false,1
2026-10-05,5714358,Esper Sentinel,mh2,Normal,true,1
2026-10-05,5714358,Fellwar Stone,onc,Normal,false,1
2026-10-05,5714358,Five Hundred Year Diary,who,Foil,false,1
2026-10-05,5714358,Flagstones of Trokair,tsr,Normal,false,1
2026-10-05,5714358,Flooded Strand,zne,Normal,true,1
2026-10-05,5714358,Forest,who,Normal,false,1
2026-10-05,5714358,Gandalf the White,ltr,Normal,false,1
2026-10-05,5714358,Graham O'Brien,who,Foil,false,1
2026-10-05,5714358,Great Hall of the Citadel,ltr,Foil,false,1
2026-10-05,5714358,"Growing Rites of Itlimoc // Itlimoc, Cradle of the Sun",lci,Normal,false,1
2026-10-05,5714358,Haywire Mite,dsc,Normal,false,1
2026-10-05,5714358,Ignis Scientia,fin,Normal,false,1
2026-10-05,5714358,Inventors' Fair,sld,Foil,false,1
2026-10-05,5714358,Island,who,Foil,false,1
2026-10-05,5714358,"Jaheira, Friend of the Forest",clb,Normal,false,1
2026-10-05,5714358,"James, Wandering Dad // Follow Him",pip,Foil,false,1
2026-10-05,5714358,"Justice, Vance Astrovik",msh,Normal,false,1
2026-10-05,5714358,King Solomon's Frogs,msc,Normal,true,1
2026-10-05,5714358,"King T'Challa // Black Panther, Hope Enduring",msh,Normal,true,1
2026-10-05,5714358,"Lita, Little Orphan Amphibian",tmt,Foil,false,1
2026-10-05,5714358,"Lonis, Cryptozoologist",mh2,Normal,false,1
2026-10-05,5714358,Loran of the Third Path,blc,Normal,false,1
2026-10-05,5714358,"Meatsqueak, Hoard Lord",mbc,Normal,true,1
2026-10-05,5714358,"Minamo, School at Water's Edge",ltc,Foil,false,1
2026-10-05,5714358,Minas Tirith,ltr,Foil,false,1
2026-10-05,5714358,"Mister Fantastic, Reed Richards",msh,Normal,false,1
2026-10-05,5714358,Misty Rainforest,zne,Normal,true,1
2026-10-05,5714358,"Mona Lisa, Ever Adaptable",tmc,Normal,true,1
2026-10-05,5714358,"Mondrak, Glory Dominus",one,Normal,true,1
2026-10-05,5714358,"Mutagen Man, Living Ooze",tmt,Foil,false,1
2026-10-05,5714358,"Oboro, Palace in the Clouds",ltc,Foil,false,1
2026-10-05,5714358,Officious Interrogation,mkm,Foil,false,1
2026-10-05,5714358,"Okina, Temple to the Grandfathers",chk,Normal,false,1
2026-10-05,5714358,"Oko, Thief of Crowns",otp,Normal,false,1
2026-10-05,5714358,"Osgood, Operation Double",who,Normal,false,1
2026-10-05,5714358,"Otawara, Soaring City",neo,Normal,false,1
2026-10-05,5714358,Path of Ancestry,who,Normal,false,1
2026-10-05,5714358,Pendelhaven,ath,Normal,false,1
2026-10-05,5714358,Peregrin Took,ltr,Normal,false,1
2026-10-05,5714358,Plains,who,Normal,false,1
2026-10-05,5714358,Plaza of Heroes,dmu,Foil,false,1
2026-10-05,5714358,"Raff Capashen, Ship's Mage",cmm,Normal,false,1
2026-10-05,5714358,Razortide Bridge,brc,Normal,false,1
2026-10-05,5714358,"Reki, the History of Kamigawa",sld,Foil,false,1
2026-10-05,5714358,Relic of Legends,dmu,Normal,false,1
2026-10-05,5714358,Rivendell,ltr,Normal,false,1
2026-10-05,5714358,Samwise Gamgee,ltr,Foil,false,1
2026-10-05,5714358,Sarah Jane Smith,who,Foil,false,1
2026-10-05,5714358,Savannah,3ed,Normal,true,1
2026-10-05,5714358,Seat of the Synod,brc,Normal,false,1
2026-10-05,5714358,Serah Farron // Crystallized Serah,fin,Normal,false,1
2026-10-05,5714358,Sol Ring,sld,Foil,false,1
2026-10-05,5714358,Sonic Screwdriver,sld,Foil,false,1
2026-10-05,5714358,Spara's Headquarters,psnc,Normal,false,1
2026-10-05,5714358,Spectacular Spider-Man,spm,Normal,false,1
2026-10-05,5714358,Stridehangar Automaton,drc,Normal,false,1
2026-10-05,5714358,Talisman of Progress,who,Normal,false,1
2026-10-05,5714358,Tanglepool Bridge,mh2,Normal,false,1
2026-10-05,5714358,The Blue Spirit,tle,Normal,false,1
2026-10-05,5714358,The Cabbage Merchant,tle,Foil,false,1
2026-10-05,5714358,The Fourth Doctor,who,Foil,false,1
2026-10-05,5714358,The Goose Mother,woe,Normal,false,1
2026-10-05,5714358,The Grey Havens,ltr,Normal,false,1
2026-10-05,5714358,The Queen of Dale,hob,Normal,true,1
2026-10-05,5714358,The Shire,ltr,Normal,false,1
2026-10-05,5714358,"The Theorist, Jace Beleren",fra,Normal,true,1
2026-10-05,5714358,The Wondrous Wasp,msh,Normal,false,1
2026-10-05,5714358,Thornglint Bridge,mh2,Normal,false,1
2026-10-05,5714358,"Tippy-Toe, Terrific Partner",sld,Normal,true,1
2026-10-05,5714358,Tolaria,leg,Normal,false,1
2026-10-05,5714358,Transmutation Font,pw24,Foil,false,1
2026-10-05,5714358,Tree of Tales,mrd,Normal,false,1
2026-10-05,5714358,Trenzalore Clocktower,who,Normal,false,1
2026-10-05,5714358,Trial of a Time Lord,who,Normal,false,1
2026-10-05,5714358,Tropical Island,3ed,Normal,true,1
2026-10-05,5714358,Tundra,3ed,Normal,true,1
2026-10-05,5714358,"Urza, Lord High Artificer",dmr,Normal,false,1
2026-10-05,5714358,"Venser, Shaper Savant",tsr,Normal,false,1
2026-10-05,5714358,Windswept Heath,zne,Normal,true,1
2026-10-05,5714358,"Yavimaya, Cradle of Growth",ltc,Normal,true,1
2026-10-05,5969200,Arbor Elf,pw21,Normal,false,1
2026-10-05,5969200,Avacyn's Pilgrim,pf25,Foil,false,1
2026-10-05,5969200,Bala Ged Recovery // Bala Ged Sanctuary,znr,Normal,false,1
2026-10-05,5969200,Become Immense,ktk,Normal,false,1
2026-10-05,5969200,Berserk,soa,Normal,false,1
2026-10-05,5969200,Birds of Paradise,dmr,Normal,false,1
2026-10-05,5969200,Blacksmith's Skill,mh2,Normal,false,1
2026-10-05,5969200,Blossoming Defense,kld,Normal,false,1
2026-10-05,5969200,"Boseiju, Who Endures",neo,Normal,true,1
2026-10-05,5969200,Bountiful Promenade,clb,Normal,true,1
2026-10-05,5969200,Bounty of the Hunt,all,Normal,false,1
2026-10-05,5969200,Branchloft Pathway // Boulderloft Pathway,znr,Normal,false,1
2026-10-05,5969200,Bridgeworks Battle // Tanglespan Bridgeworks,mh3,Normal,false,1
2026-10-05,5969200,Brushland,bro,Normal,false,1
2026-10-05,5969200,Choose Your Weapon,afr,Normal,false,1
2026-10-05,5969200,Chrome Mox,2xm,Normal,true,1
2026-10-05,5969200,City of Brass,2x2,Normal,true,1
2026-10-05,5969200,Collective Resistance,mh3,Normal,false,1
2026-10-05,5969200,Command Tower,cmr,Normal,false,1
2026-10-05,5969200,Crop Rotation,soa,Foil,false,1
2026-10-05,5969200,Defend the Rider,dft,Normal,false,1
2026-10-05,5969200,Delighted Halfling,ltr,Normal,false,1
2026-10-05,5969200,Dual-Sun Technique,eoe,Normal,false,1
2026-10-05,5969200,Duelist's Heritage,tle,Normal,false,1
2026-10-05,5969200,Elvish Mystic,m15,Normal,false,1
2026-10-05,5969200,Elvish Spirit Guide,dmr,Normal,false,1
2026-10-05,5969200,Embiggen,unf,Normal,false,1
2026-10-05,5969200,Empyrial Armor,wth,Normal,false,1
2026-10-05,5969200,Empyrial Plate,c16,Normal,false,1
2026-10-05,5969200,Enlightened Tutor,6ed,Normal,false,1
2026-10-05,5969200,Exploration,dmr,Normal,false,1
2026-10-05,5969200,Feral Ferocity,msc,Normal,true,1
2026-10-05,5969200,Flaming Fist,clb,Normal,false,1
2026-10-05,5969200,Forbidden Orchard,c16,Normal,false,1
2026-10-05,5969200,Forest,dmu,Foil,false,7
2026-10-05,5969200,Fyndhorn Elves,p30a,Foil,false,1
2026-10-05,5969200,Gemstone Caverns,eos,Normal,true,1
2026-10-05,5969200,Giant Growth,soa,Normal,false,1
2026-10-05,5969200,Gift of the Viper,mh3,Normal,false,1
2026-10-05,5969200,Graduation Day,sos,Normal,false,1
2026-10-05,5969200,Groundswell,wwk,Normal,false,1
2026-10-05,5969200,Grow Extra Arms,spm,Normal,false,1
2026-10-05,5969200,"Heliod, Sun-Crowned",thb,Normal,false,1
2026-10-05,5969200,Horizon Canopy,ima,Normal,false,1
2026-10-05,5969200,Hushwood Verge,dsk,Normal,false,1
2026-10-05,5969200,"Inner Calm, Outer Strength",sok,Normal,false,1
2026-10-05,5969200,Invigorate,2xm,Foil,false,1
2026-10-05,5969200,Llanowar Elves,7ed,Normal,false,1
2026-10-05,5969200,Lotus Petal,mb2,Normal,false,1
2026-10-05,5969200,Mana Confluence,jou,Normal,true,1
2026-10-05,5969200,Might of Old Krosa,tsp,Normal,false,1
2026-10-05,5969200,Might of the Nephilim,dis,Normal,false,1
2026-10-05,5969200,Misty Rainforest,zne,Normal,true,1
2026-10-05,5969200,Mutagenic Growth,nph,Normal,false,1
2026-10-05,5969200,Overprotect,blb,Foil,false,1
2026-10-05,5969200,Path to Exile,ss2,Normal,false,1
2026-10-05,5969200,Phytoburst,dgm,Normal,false,1
2026-10-05,5969200,Plains,40k,Foil,false,4
2026-10-05,5969200,Prismatic Vista,zne,Normal,true,1
2026-10-05,5969200,Ram Through,iko,Normal,false,1
2026-10-05,5969200,Ranger's Guile,isd,Normal,false,1
2026-10-05,5969200,Razorverge Thicket,blc,Normal,false,1
2026-10-05,5969200,Regrowth,sta,Normal,false,1
2026-10-05,5969200,Reliquary Tower,brc,Normal,false,1
2026-10-05,5969200,Revive,mmq,Normal,false,1
2026-10-05,5969200,Royal Treatment,soa,Normal,false,1
2026-10-05,5969200,Rustler Rampage,otj,Normal,false,1
2026-10-05,5969200,Savannah,3ed,Normal,true,1
2026-10-05,5969200,Scale Up,mh1,Normal,false,1
2026-10-05,5969200,Scent of Ivy,uds,Normal,false,1
2026-10-05,5969200,Sergeant John Benton,who,Foil,false,1
2026-10-05,5969200,Snakeskin Veil,sta,Normal,false,1
2026-10-05,5969200,Sol Ring,c14,Normal,false,1
2026-10-05,5969200,Spellbook,9ed,Normal,false,1
2026-10-05,5969200,Summer Bloom,2x2,Normal,false,1
2026-10-05,5969200,Swords to Plowshares,40k,Normal,false,1
2026-10-05,5969200,Tamiyo's Safekeeping,neo,Normal,false,1
2026-10-05,5969200,Temple Garden,rvr,Normal,true,1
2026-10-05,5969200,Tifa's Limit Break,fin,Normal,false,1
2026-10-05,5969200,Titanic Growth,one,Normal,false,1
2026-10-05,5969200,Tyvar's Stand,one,Normal,false,1
2026-10-05,5969200,Utopia Sprawl,sld,Foil,false,1
2026-10-05,5969200,Verdant Catacombs,zne,Normal,true,1
2026-10-05,5969200,Vines of Vastwood,zen,Normal,false,1
2026-10-05,5969200,Voice of Victory,tdm,Normal,false,1
2026-10-05,5969200,Walking Ballista,mb2,Normal,false,1
2026-10-05,5969200,Wild Defiance,avr,Normal,false,1
2026-10-05,5969200,Wild Growth,ice,Normal,false,1
2026-10-05,5969200,Windswept Heath,zne,Normal,true,1
2026-10-05,5969200,Wooded Foothills,zne,Normal,true,1
2026-10-05,5969200,"Yavimaya, Cradle of Growth",mh2,Normal,false,1
2026-10-05,6482039,Accursed Marauder,mh3,Normal,false,1
2026-10-05,6482039,Aftermath Analyst,mkm,Normal,false,1
2026-10-05,6482039,Altar of Dementia,brr,Normal,false,1
2026-10-05,6482039,"Armaggon, Future Shark",tmt,Foil,false,1
2026-10-05,6482039,Bayou,3ed,Normal,true,1
2026-10-05,6482039,Birthing Ritual,mh3,Normal,false,1
2026-10-05,6482039,Blood Artist,plst,Normal,false,1
2026-10-05,6482039,Bloodghast,zen,Normal,false,1
2026-10-05,6482039,Blossoming Tortoise,woe,Normal,false,1
2026-10-05,6482039,Bojuka Bog,brc,Normal,false,1
2026-10-05,6482039,"Boseiju, Who Endures",neo,Normal,true,1
2026-10-05,6482039,"Braids, Arisen Nightmare",dmu,Normal,false,1
2026-10-05,6482039,Cauldron of Essence,sos,Normal,false,1
2026-10-05,6482039,Chthonian Nightmare,mh3,Foil,false,1
2026-10-05,6482039,Clifftop Lookout,blb,Normal,false,1
2026-10-05,6482039,Colossal Grave-Reaver,tdc,Normal,false,1
2026-10-05,6482039,Command Tower,cc1,Normal,false,1
2026-10-05,6482039,Deathcap Glade,vow,Foil,false,1
2026-10-05,6482039,Disciple of Freyalise // Garden of Freyalise,mh3,Normal,false,1
2026-10-05,6482039,Dread Return,cmm,Normal,false,1
2026-10-05,6482039,Eternal Witness,m3c,Normal,false,1
2026-10-05,6482039,Fabled Passage,eoc,Normal,false,1
2026-10-05,6482039,Fanatic of Rhonas,mh3,Normal,false,1
2026-10-05,6482039,Field of the Dead,slc,Normal,false,1
2026-10-05,6482039,Forest,hob,Foil,false,3
2026-10-05,6482039,Golgari Thug,rvr,Foil,false,1
2026-10-05,6482039,Haywire Mite,bro,Normal,false,1
2026-10-05,6482039,Hedge Shredder,dsk,Normal,false,1
2026-10-05,6482039,Icetill Explorer,eoe,Normal,false,1
2026-10-05,6482039,Incarnation Technique,c21,Normal,false,1
2026-10-05,6482039,"Journey to Eternity // Atzal, Cave of Eternity",rix,Normal,false,1
2026-10-05,6482039,Liliana the Repentant,fra,Normal,true,1
2026-10-05,6482039,Living Death,ltc,Normal,false,1
2026-10-05,6482039,Llanowar Wastes,bro,Normal,false,1
2026-10-05,6482039,"Lumra, Bellow of the Woods",blb,Normal,false,1
2026-10-05,6482039,Marsh Flats,zne,Normal,true,1
2026-10-05,6482039,Merchant of Venom,soc,Normal,false,1
2026-10-05,6482039,Metamorphosis Fanatic,dsc,Normal,false,1
2026-10-05,6482039,"Mole Man, Moloid Master",msh,Normal,false,1
2026-10-05,6482039,Necron Deathmark,40k,Normal,false,1
2026-10-05,6482039,Noxious Gearhulk,moc,Normal,false,1
2026-10-05,6482039,Nurturing Peatland,mh1,Normal,false,1
2026-10-05,6482039,Orcish Bowmasters,ltr,Normal,true,1
2026-10-05,6482039,Overgrown Tomb,rvr,Normal,true,1
2026-10-05,6482039,Phyrexian Tower,jmp,Normal,false,1
2026-10-05,6482039,"Pia, Aether Ascetic",fra,Normal,true,1
2026-10-05,6482039,Primal Druid,emn,Normal,false,1
2026-10-05,6482039,Primal Witchstalker,fra,Normal,true,1
2026-10-05,6482039,Prowling Geistcatcher,mic,Normal,false,1
2026-10-05,6482039,Reclamation Sage,fdn,Normal,false,1
2026-10-05,6482039,Ripples of Undeath,mh3,Normal,false,1
2026-10-05,6482039,Rise of the Witch-king,ltr,Normal,false,1
2026-10-05,6482039,Sakura-Tribe Elder,plg24,Foil,false,1
2026-10-05,6482039,Satyr Wayfinder,znc,Normal,false,1
2026-10-05,6482039,"Sephiroth, Fabled SOLDIER // Sephiroth, One-Winged Angel",fin,Normal,false,1
2026-10-05,6482039,Shifting Woodland,mh3,Normal,false,1
2026-10-05,6482039,Simulacrum Shaper,fra,Normal,true,1
2026-10-05,6482039,Six,mh3,Foil,false,1
2026-10-05,6482039,Skullclamp,brc,Normal,false,1
2026-10-05,6482039,Skullwinder,m3c,Normal,false,1
2026-10-05,6482039,Skyfisher Spider,bro,Normal,false,1
2026-10-05,6482039,Snow-Covered Forest,mb2,Normal,false,3
2026-10-05,6482039,Snow-Covered Swamp,mb2,Normal,false,3
2026-10-05,6482039,Spinner of Souls,fdn,Normal,false,1
2026-10-05,6482039,Springheart Nantuko,mh3,Normal,true,1
2026-10-05,6482039,Stinkweed Imp,gk1,Normal,false,1
2026-10-05,6482039,Stitcher's Supplier,m19,Normal,false,1
2026-10-05,6482039,Swamp,hob,Foil,false,3
2026-10-05,6482039,"Takenuma, Abandoned Mire",neo,Normal,false,1
2026-10-05,6482039,The Meathook Massacre,inr,Normal,true,1
2026-10-05,6482039,Thespian's Stage,who,Normal,false,1
2026-10-05,6482039,"Tom, Bert, and William",purl,Normal,true,1
2026-10-05,6482039,Town Greeter,fin,Normal,false,1
2026-10-05,6482039,Turbulent Fen,soc,Normal,true,1
2026-10-05,6482039,Twilight Mire,blc,Normal,false,1
2026-10-05,6482039,Umbral Collar Zealot,eoe,Foil,false,1
2026-10-05,6482039,Underground Mortuary,mkm,Normal,false,1
2026-10-05,6482039,Undergrowth Stadium,cmr,Normal,false,1
2026-10-05,6482039,"Urborg, Tomb of Yawgmoth",tsr,Normal,false,1
2026-10-05,6482039,Urza's Cave,mh3,Normal,false,1
2026-10-05,6482039,Vein Ripper,mkm,Foil,false,1
2026-10-05,6482039,Verdant Catacombs,zne,Normal,false,1
2026-10-05,6482039,Vernal Fen,eoc,Normal,false,1
2026-10-05,6482039,Viridian Emissary,mbs,Normal,false,1
2026-10-05,6482039,"Vraska, the Cutting Glare",fra,Normal,true,1
2026-10-05,6482039,Wastewood Verge,dft,Normal,false,1
2026-10-05,6482039,Wight of the Reliquary,mh3,Normal,false,1
2026-10-05,6482039,"Winter, Tormented Loner",fra,Normal,true,1
2026-10-05,6482039,Wood Elves,ncc,Normal,false,1
2026-10-05,6482039,Woodland Cemetery,sld,Foil,false,1
2026-10-05,6482039,"Yavimaya, Cradle of Growth",mh2,Normal,false,1
2026-10-05,6482039,Zulaport Cutthroat,bfz,Normal,false,1
2026-10-05,16293254,Ancient Tomb,zne,Normal,true,1
2026-10-05,16293254,Arena,mb2,Normal,true,1
2026-10-05,16293254,"Argoth, Sanctum of Nature",bro,Normal,false,1
2026-10-05,16293254,Arid Archway,otj,Normal,false,1
2026-10-05,16293254,Ash Barrens,cmm,Normal,true,1
2026-10-05,16293254,Bant Panorama,ala,Normal,true,1
2026-10-05,16293254,Bazaar of Baghdad,vma,Normal,true,1
2026-10-05,16293254,"Boseiju, Who Endures",neo,Normal,true,1
2026-10-05,16293254,Castle Garenbrig,eld,Normal,true,1
2026-10-05,16293254,Cavern of Souls,lci,Normal,true,1
2026-10-05,16293254,Chocobo Camp,fic,Normal,true,1
2026-10-05,16293254,City of Shadows,me3,Normal,true,1
2026-10-05,16293254,City of Traitors,tpr,Normal,true,1
2026-10-05,16293254,Command Beacon,cmr,Normal,true,1
2026-10-05,16293254,Crystal Vein,cma,Normal,true,1
2026-10-05,16293254,Daily Bugle Building,spm,Normal,false,1
2026-10-05,16293254,Desert of the Indomitable,m3c,Normal,true,1
2026-10-05,16293254,Deserted Temple,mh3,Normal,true,1
2026-10-05,16293254,Diamond Valley,me1,Normal,true,1
2026-10-05,16293254,Dryad Arbor,mb2,Normal,true,1
2026-10-05,16293254,Echoing Deeps,lci,Normal,true,1
2026-10-05,16293254,Emergence Zone,war,Normal,true,1
2026-10-05,16293254,Fabled Passage,tmc,Normal,false,1
2026-10-05,16293254,Field of the Dead,m20,Normal,true,1
2026-10-05,16293254,Forest,blb,Foil,false,11
2026-10-05,16293254,Gemstone Caverns,plst,Normal,true,1
2026-10-05,16293254,Ghost Quarter,ltc,Normal,true,1
2026-10-05,16293254,Grasslands,cmm,Normal,true,1
2026-10-05,16293254,Great Hall of the Citadel,ltr,Normal,false,1
2026-10-05,16293254,Hall of Echoes,fra,Normal,true,1
2026-10-05,16293254,Hall of the Bandit Lord,chk,Normal,true,1
2026-10-05,16293254,Havenwood Battleground,c14,Normal,true,1
2026-10-05,16293254,Hickory Woodlot,mmq,Normal,false,1
2026-10-05,16293254,High Market,c21,Normal,false,1
2026-10-05,16293254,Hollow Trees,5ed,Normal,true,1
2026-10-05,16293254,Homeward Path,ltc,Normal,true,1
2026-10-05,16293254,Horizon of Progress,m3c,Normal,true,1
2026-10-05,16293254,Jund Panorama,ala,Normal,true,1
2026-10-05,16293254,Lazotep Quarry,m3c,Normal,true,1
2026-10-05,16293254,Lotus Field,soc,Normal,false,1
2026-10-05,16293254,Lotus Vale,wth,Normal,true,1
2026-10-05,16293254,"Lumra, Bellow of the Woods",blb,Foil,true,1
2026-10-05,16293254,Mage-Ring Network,cmm,Normal,true,1
2026-10-05,16293254,Mariposa Military Base,pip,Normal,true,1
2026-10-05,16293254,Maze of Ith,dmr,Foil,false,1
2026-10-05,16293254,"Miren, the Moaning Well",sok,Normal,true,1
2026-10-05,16293254,Mirrorpool,cmm,Normal,true,1
2026-10-05,16293254,Misty Rainforest,zne,Normal,true,1
2026-10-05,16293254,Mountain Valley,eoc,Normal,false,1
2026-10-05,16293254,Myriad Landscape,ltc,Foil,false,1
2026-10-05,16293254,Mystifying Maze,eos,Normal,true,1
2026-10-05,16293254,Northampton Farm,tmt,Normal,false,1
2026-10-05,16293254,Ominous Cemetery,who,Normal,true,1
2026-10-05,16293254,Pit of Offerings,lci,Normal,true,1
2026-10-05,16293254,Plaza of Heroes,dmu,Normal,true,1
2026-10-05,16293254,Prismatic Vista,mh1,Normal,true,1
2026-10-05,16293254,Rogue's Passage,ltc,Normal,false,1
2026-10-05,16293254,Rushwood Grove,mmq,Normal,false,1
2026-10-05,16293254,Safe Haven,tsb,Normal,true,1
2026-10-05,16293254,Sanctum of Eternity,c19,Normal,true,1
2026-10-05,16293254,Sandstorm Verge,otj,Normal,true,1
2026-10-05,16293254,Scavenger Grounds,c21,Normal,false,1
2026-10-05,16293254,Scorched Ruins,wth,Normal,true,1
2026-10-05,16293254,Sequestered Stash,kld,Normal,true,1
2026-10-05,16293254,Shire Terrace,ltr,Normal,false,1
2026-10-05,16293254,Slippery Karst,dmr,Normal,false,1
2026-10-05,16293254,Snow-Covered Forest,mh1,Normal,false,3
2026-10-05,16293254,Sunken Citadel,lci,Normal,true,1
2026-10-05,16293254,Talon Gates of Madara,m3c,Normal,true,1
2026-10-05,16293254,Temple of the False God,cm2,Normal,false,1
2026-10-05,16293254,Terrain Generator,clb,Normal,true,1
2026-10-05,16293254,The Tabernacle at Pendrell Vale,me3,Normal,true,1
2026-10-05,16293254,Thespian's Stage,who,Normal,true,1
2026-10-05,16293254,Tower of the Magistrate,mb2,Normal,true,1
2026-10-05,16293254,Tranquil Thicket,mh1,Normal,false,1
2026-10-05,16293254,Underdark Rift,afc,Normal,true,1
2026-10-05,16293254,"Untaidake, the Cloud Keeper",chk,Normal,true,1
2026-10-05,16293254,"Urborg, Tomb of Yawgmoth",tsr,Normal,true,1
2026-10-05,16293254,Urza's Cave,mh3,Normal,true,1
2026-10-05,16293254,Verdant Catacombs,zne,Normal,true,1
2026-10-05,16293254,Vesuva,slc,Normal,false,1
2026-10-05,16293254,Wasteland,slc,Normal,false,1
2026-10-05,16293254,Winding Canyons,wth,Normal,true,1
2026-10-05,16293254,Windswept Heath,zne,Normal,true,1
2026-10-05,16293254,Witch's Clinic,c21,Normal,true,1
2026-10-05,16293254,Wooded Foothills,zne,Normal,true,1
2026-10-05,16293254,Yavimaya Hollow,vma,Normal,true,1
2026-10-05,16293254,"Yavimaya, Cradle of Growth",mh2,Normal,true,1
2026-10-05,17493352,Access Tunnel,ltc,Normal,false,1
2026-10-05,17493352,Aggravated Assault,sld,Foil,false,1
2026-10-05,17493352,"Anim Pakal, Thousandth Moon",lci,Normal,false,1
2026-10-05,17493352,"Arabella, Abandoned Doll",dsk,Normal,false,1
2026-10-05,17493352,Arbaaz Mir,acr,Normal,false,1
2026-10-05,17493352,Arcane Signet,nec,Normal,false,1
2026-10-05,17493352,Arid Mesa,zne,Normal,true,1
2026-10-05,17493352,Avatar's Wrath,tla,Normal,false,1
2026-10-05,17493352,Badlands,3ed,Normal,true,1
2026-10-05,17493352,Battlefield Forge,c21,Normal,false,1
2026-10-05,17493352,"Black Widow, Agile Avenger",msc,Normal,true,1
2026-10-05,17493352,Blood Crypt,rvr,Normal,true,1
2026-10-05,17493352,Bloodstained Mire,zne,Normal,true,1
2026-10-05,17493352,Boros Signet,c15,Normal,false,1
2026-10-05,17493352,Brash Taunter,m21,Normal,false,1
2026-10-05,17493352,Brotherhood Regalia,acr,Foil,false,1
2026-10-05,17493352,Caves of Koilos,dmu,Normal,false,1
2026-10-05,17493352,Chaos Warp,sld,Foil,false,1
2026-10-05,17493352,Clifftop Retreat,pip,Normal,false,1
2026-10-05,17493352,Command Tower,pw25,Foil,false,1
2026-10-05,17493352,Damn,mh2,Normal,false,1
2026-10-05,17493352,Darkstar Augur,blb,Normal,false,1
2026-10-05,17493352,"Daxos, Blessed by the Sun",thb,Normal,false,1
2026-10-05,17493352,Deadly Rollick,sld,Foil,false,1
2026-10-05,17493352,"Deadpool, Trading Card",sld,Foil,false,1
2026-10-05,17493352,"Delney, Streetwise Lookout",mkm,Normal,false,1
2026-10-05,17493352,Descent into Avernus,sld,Foil,false,1
2026-10-05,17493352,Duelist's Heritage,tle,Normal,false,1
2026-10-05,17493352,Dusk // Dawn,blc,Normal,false,1
2026-10-05,17493352,Eiganjo Castle,chk,Normal,false,1
2026-10-05,17493352,"Elas il-Kor, Sadistic Pilgrim",dmu,Normal,false,1
2026-10-05,17493352,"Elena, Turk Recruit",fic,Normal,false,1
2026-10-05,17493352,Exotic Orchard,c19,Normal,false,1
2026-10-05,17493352,Fabled Passage,tmc,Normal,false,1
2026-10-05,17493352,Falcon and Redwing,msc,Normal,true,1
2026-10-05,17493352,Fellwar Stone,ncc,Normal,false,1
2026-10-05,17493352,Fetid Heath,tdc,Normal,false,1
2026-10-05,17493352,"General Kreat, the Boltbringer",j25,Normal,false,1
2026-10-05,17493352,Genji Glove,fin,Normal,false,1
2026-10-05,17493352,Godless Shrine,rvr,Normal,true,1
2026-10-05,17493352,"Gollum, Obsessed Stalker",ltc,Normal,false,1
2026-10-05,17493352,Great Hall of the Citadel,ltr,Foil,false,1
2026-10-05,17493352,Guild Artisan,clb,Normal,false,1
2026-10-05,17493352,Improvisation Capstone,sos,Normal,true,1
2026-10-05,17493352,Ingris Stingerquill,fra,Normal,true,1
2026-10-05,17493352,Inkshield,sld,Foil,false,1
2026-10-05,17493352,Isolated Chapel,ltc,Normal,false,1
2026-10-05,17493352,"Kediss, Emberclaw Familiar",sld,Foil,false,1
2026-10-05,17493352,"Kellan, the Fae-Blooded // Birthright Boon",woe,Normal,false,1
2026-10-05,17493352,Knuckles the Echidna,sld,Foil,false,1
2026-10-05,17493352,Lightning Greaves,c19,Normal,false,1
2026-10-05,17493352,Loran of the Third Path,bro,Normal,false,1
2026-10-05,17493352,"Lotho, Corrupt Shirriff",ltr,Normal,false,1
2026-10-05,17493352,"Mangara, the Diplomat",blc,Normal,false,1
2026-10-05,17493352,Marsh Flats,zne,Normal,true,1
2026-10-05,17493352,"Minas Morgul, Dark Fortress",ltc,Foil,false,1
2026-10-05,17493352,"Mjölnir, Hammer of Thor",msh,Normal,true,1
2026-10-05,17493352,"Moseo, Vein's New Dean",sos,Foil,false,1
2026-10-05,17493352,Mountain,mkm,Normal,false,2
2026-10-05,17493352,Orzhov Signet,brc,Normal,false,1
2026-10-05,17493352,Path of Ancestry,m3c,Normal,false,1
2026-10-05,17493352,Plains,mkm,Foil,false,6
2026-10-05,17493352,Plateau,3ed,Normal,true,1
2026-10-05,17493352,Plaza of Heroes,dmu,Foil,false,1
2026-10-05,17493352,Professional Face-Breaker,snc,Normal,false,1
2026-10-05,17493352,"Prosper, Tome-Bound",afc,Foil,false,1
2026-10-05,17493352,Rogue's Passage,ltc,Normal,false,1
2026-10-05,17493352,Sacred Foundry,rvr,Normal,true,1
2026-10-05,17493352,"Saradoc, Master of Buckland",ltr,Normal,false,1
2026-10-05,17493352,Savai Triome,iko,Normal,false,1
2026-10-05,17493352,Scheming Silvertongue // Sign in Blood,sos,Foil,false,1
2026-10-05,17493352,Scrubland,3ed,Normal,true,1
2026-10-05,17493352,"Shanid, Sleepers' Scourge",dmc,Foil,false,1
2026-10-05,17493352,"Shizo, Death's Storehouse",dmc,Normal,false,1
2026-10-05,17493352,Silver Shroud Costume,sld,Foil,false,1
2026-10-05,17493352,Steelshaper's Gift,sld,Foil,false,1
2026-10-05,17493352,Stoneforge Mystic,spg,Normal,true,1
2026-10-05,17493352,"Subira, Tulzidi Caravanner",m21,Normal,false,1
2026-10-05,17493352,Sundering Eruption // Volcanic Fissure,mh3,Normal,false,1
2026-10-05,17493352,Swamp,mkm,Foil,false,2
2026-10-05,17493352,Swords to Plowshares,dmr,Normal,false,1
2026-10-05,17493352,Talisman of Conviction,ltc,Normal,false,1
2026-10-05,17493352,Talisman of Hierarchy,pip,Normal,false,1
2026-10-05,17493352,Talisman of Indulgence,40k,Normal,false,1
2026-10-05,17493352,The Gaffer,ltc,Normal,false,1
2026-10-05,17493352,The Queen of Dale,hob,Normal,true,1
2026-10-05,17493352,The Reaver Cleaver,sld,Normal,true,1
2026-10-05,17493352,Thieves' Tools,clb,Foil,false,1
2026-10-05,17493352,Tymna the Weaver,c16,Foil,false,1
2026-10-05,17493352,Villainous Wrath,spm,Foil,false,1
2026-10-05,17493352,"Vito, Thorn of the Dusk Rose",pm21,Foil,false,1
2026-10-05,17493352,Wayfarer's Bauble,sld,Foil,false,1
2026-10-05,17493352,Witch Enchanter // Witch-Blessed Meadow,mh3,Foil,false,1
2026-10-05,24974478,Abhorrent Oculus,pdsk,Normal,false,1
2026-10-05,24974478,Baboon Spirit,tle,Foil,false,1
2026-10-05,24974478,Bender's Waterskin,tla,Normal,false,1
2026-10-05,24974478,Branch of Vitu-Ghazi,mkm,Normal,false,1
2026-10-05,24974478,Brass Infiniscope,soc,Normal,false,1
2026-10-05,24974478,Cavalier of Gales,j25,Normal,false,1
2026-10-05,24974478,Chromatic Orrery,m21,Normal,true,1
2026-10-05,24974478,Conjurer's Closet,inr,Normal,true,1
2026-10-05,24974478,Displace,emn,Normal,false,1
2026-10-05,24974478,Displacer Kitten,pclb,Foil,false,1
2026-10-05,24974478,Dour Port-Mage,blb,Normal,false,1
2026-10-05,24974478,Dowsing Dagger // Lost Vale,xln,Normal,true,1
2026-10-05,24974478,Dreamstone Hedron,cmr,Normal,false,1
2026-10-05,24974478,"Elrond, Moon-Reader",hob,Normal,true,1
2026-10-05,24974478,Enigma Thief,znc,Normal,false,1
2026-10-05,24974478,Essence Flux,inr,Normal,false,1
2026-10-05,24974478,Exit Specialist,mkm,Normal,false,1
2026-10-05,24974478,Fear of Sleep Paralysis,dsc,Normal,false,1
2026-10-05,24974478,"Galactus, Devourer of Worlds",msc,Normal,true,1
2026-10-05,24974478,"Gandalf, Shadow's Foe",hoc,Normal,true,1
2026-10-05,24974478,Ghostly Flicker,sld,Foil,false,1
2026-10-05,24974478,Gilded Lotus,msc,Normal,false,1
2026-10-05,24974478,Glasspool Mimic // Glasspool Shore,znr,Normal,true,1
2026-10-05,24974478,Glitch Interpreter,dsc,Normal,false,1
2026-10-05,24974478,Gossip's Talent,blb,Foil,false,1
2026-10-05,24974478,"Grazilaxx, Illithid Scholar",sld,Normal,true,1
2026-10-05,24974478,Heartstone,sth,Normal,true,1
2026-10-05,24974478,Hedron Archive,c21,Normal,false,1
2026-10-05,24974478,Hide on the Ceiling,spm,Normal,false,1
2026-10-05,24974478,Illusionist's Bracers,rvr,Foil,false,1
2026-10-05,24974478,Island,j25,Normal,false,34
2026-10-05,24974478,"Ixidor, Reality Sculptor",ons,Normal,true,1
2026-10-05,24974478,Lord of Change,40k,Normal,true,1
2026-10-05,24974478,Marang River Regent // Coil and Catch,tdm,Foil,false,1
2026-10-05,24974478,"Otawara, Soaring City",neo,Normal,true,1
2026-10-05,24974478,Primordial Mist,dsc,Normal,false,1
2026-10-05,24974478,Relic of Legends,dmu,Normal,false,1
2026-10-05,24974478,Ring of the Lucii,fin,Normal,false,1
2026-10-05,24974478,"Sash and Waistcoat, Unmen",mbc,Normal,true,1
2026-10-05,24974478,Sceptre of Eternal Glory,40k,Normal,true,1
2026-10-05,24974478,Scourge of Fleets,jou,Normal,false,1
2026-10-05,24974478,Scroll Rack,cmr,Normal,true,1
2026-10-05,24974478,Scroll of Fate,c19,Normal,false,1
2026-10-05,24974478,"Silver Surfer, Cosmic Voyager",msc,Normal,false,1
2026-10-05,24974478,Sire of Seven Deaths,fdn,Normal,true,1
2026-10-05,24974478,Siren Stormtamer,cmr,Normal,false,1
2026-10-05,24974478,Sol Ring,blc,Normal,false,1
2026-10-05,24974478,Sol Talisman,mh2,Normal,false,1
2026-10-05,24974478,Spellskite,sld,Normal,true,1
2026-10-05,24974478,Stonespeaker Crystal,clb,Normal,false,1
2026-10-05,24974478,Stratus Dancer,c19,Normal,false,1
2026-10-05,24974478,Sword of Hearth and Home,tmc,Foil,false,1
2026-10-05,24974478,"Thassa, Deep-Dwelling",thb,Foil,false,1
2026-10-05,24974478,The Eternity Elevator,eoe,Normal,true,1
2026-10-05,24974478,Thran Dynamo,blc,Normal,false,1
2026-10-05,24974478,Training Grounds,mat,Normal,true,1
2026-10-05,24974478,"Tri-Sentinel, Act of Vengeance",msc,Normal,true,1
2026-10-05,24974478,Unstoppable Plan,dft,Normal,true,1
2026-10-05,24974478,Ur-Golem's Eye,dst,Normal,false,1
2026-10-05,24974478,Voidwalk,gtc,Normal,false,1
2026-10-05,24974478,"Wan Shi Tong, All-Knowing",tle,Foil,false,1
2026-10-05,24974478,Waterbender's Restoration,tle,Normal,true,1
2026-10-05,24974478,Willbender,lgn,Normal,false,1
2026-10-05,24974478,Wonder,cma,Normal,true,1
2026-10-05,24974478,Wurmcoil Engine,sld,Foil,false,1
2026-10-05,24974478,Y'shtola Rhul,fin,Normal,true,1
2026-10-05,24974478,Zoetic Cavern,fut,Normal,false,1
2026-10-05,25536840,Abolish,pcy,Normal,false,1
2026-10-05,25536840,Alhammarret's Archive,c21,Normal,false,1
2026-10-05,25536840,Angel of Indemnity,soc,Normal,false,1
2026-10-05,25536840,Approach of the Second Sun,sta,Normal,true,1
2026-10-05,25536840,Archaeomancer's Map,soc,Normal,false,1
2026-10-05,25536840,Arid Archway,otj,Normal,false,1
2026-10-05,25536840,Authority of the Consuls,fdn,Normal,true,1
2026-10-05,25536840,Bender's Waterskin,tla,Normal,false,1
2026-10-05,25536840,"Bennie Bracks, Zoologist",mkc,Normal,true,1
2026-10-05,25536840,"Boseiju, Who Shelters All",sld,Foil,false,1
2026-10-05,25536840,Caretaker's Talent,blb,Normal,true,1
2026-10-05,25536840,Castle Ardenvale,peld,Normal,false,1
2026-10-05,25536840,Cathar Commando,mid,Normal,false,1
2026-10-05,25536840,Charismatic Conqueror,lcc,Normal,false,1
2026-10-05,25536840,Chivalric Alliance,moc,Normal,true,1
2026-10-05,25536840,Claim Jumper,otj,Foil,false,1
2026-10-05,25536840,Clever Concealment,msc,Normal,true,1
2026-10-05,25536840,Currency Converter,frc,Normal,false,1
2026-10-05,25536840,"Delney, Streetwise Lookout",mkm,Normal,true,1
2026-10-05,25536840,Deserted Temple,mh3,Normal,false,1
2026-10-05,25536840,"Emeria's Call // Emeria, Shattered Skyclave",znr,Normal,true,1
2026-10-05,25536840,"Emeria, the Sky Ruin",soc,Normal,false,1
2026-10-05,25536840,Enduring Innocence,dsk,Normal,false,1
2026-10-05,25536840,Erode,sos,Normal,true,1
2026-10-05,25536840,Esper Sentinel,mh2,Normal,true,1
2026-10-05,25536840,Excise the Imperfect,moc,Normal,false,1
2026-10-05,25536840,Fountainport,blb,Normal,false,1
2026-10-05,25536840,Galadriel's Dismissal,ltc,Normal,true,1
2026-10-05,25536840,Guardian Scalelord,moc,Normal,false,1
2026-10-05,25536840,Guide of Souls,mh3,Foil,false,1
2026-10-05,25536840,"Haliya, Guided by Light",eoe,Normal,false,1
2026-10-05,25536840,Haunted Library,voc,Normal,false,1
2026-10-05,25536840,Helpful Hunter,fdn,Normal,false,1
2026-10-05,25536840,Horn of Gondor,ltr,Foil,false,1
2026-10-05,25536840,Idol of Oblivion,c19,Normal,false,1
2026-10-05,25536840,Illustrious Wanderglyph,lcc,Normal,false,1
2026-10-05,25536840,Inspiring Overseer,snc,Normal,false,1
2026-10-05,25536840,Kami of False Hope,bok,Normal,false,1
2026-10-05,25536840,Kindly Customer,tle,Normal,false,1
2026-10-05,25536840,Knight of the White Orchid,sld,Foil,false,1
2026-10-05,25536840,Lazotep Quarry,m3c,Normal,true,1
2026-10-05,25536840,"Legion's Landing // Adanto, the First Fort",xln,Normal,false,1
2026-10-05,25536840,Loran of the Third Path,blc,Normal,false,1
2026-10-05,25536840,Lotus Field,soc,Normal,false,1
2026-10-05,25536840,Lotus Vale,wth,Normal,true,1
2026-10-05,25536840,Loyal Warhound,blc,Normal,false,1
2026-10-05,25536840,Mentor of the Meek,2x2,Normal,false,1
2026-10-05,25536840,Mirror Entity,plst,Normal,false,1
2026-10-05,25536840,Monument to Endurance,dft,Normal,true,1
2026-10-05,25536840,Moonshaker Cavalry,soc,Normal,true,1
2026-10-05,25536840,Parting Gust,blb,Foil,false,1
2026-10-05,25536840,Path to Exile,ltc,Normal,false,1
2026-10-05,25536840,Pearl Medallion,mh3,Normal,false,1
2026-10-05,25536840,Plains,hob,Foil,false,19
2026-10-05,25536840,Razorgrass Ambush // Razorgrass Field,mh3,Normal,false,1
2026-10-05,25536840,Recruiter of the Guard,mh3,Normal,true,1
2026-10-05,25536840,Redemption Choir,lcc,Normal,true,1
2026-10-05,25536840,Remote Farm,mmq,Normal,true,1
2026-10-05,25536840,Restoration Seminar,sos,Normal,false,1
2026-10-05,25536840,Sand Scout,otc,Normal,false,1
2026-10-05,25536840,Scavenger Grounds,msc,Normal,false,1
2026-10-05,25536840,Selfless Spirit,blc,Normal,false,1
2026-10-05,25536840,Sevinne's Reclamation,c19,Normal,false,1
2026-10-05,25536840,Skullclamp,brc,Normal,false,1
2026-10-05,25536840,Soul Warden,exo,Normal,false,1
2026-10-05,25536840,Soul's Attendant,roe,Normal,false,1
2026-10-05,25536840,Spirited Companion,plst,Normal,false,1
2026-10-05,25536840,Sun Titan,sld,Normal,false,1
2026-10-05,25536840,Swords to Plowshares,dmr,Normal,false,1
2026-10-05,25536840,Tataru Taru,fic,Normal,true,1
2026-10-05,25536840,The Echoverse Fulcrum,fra,Normal,true,1
2026-10-05,25536840,The Queen of Dale,hob,Normal,false,1
2026-10-05,25536840,Three Tree City,blb,Normal,false,1
2026-10-05,25536840,Tocasia's Welcome,bro,Normal,false,1
2026-10-05,25536840,Touch the Spirit Realm,neo,Normal,false,1
2026-10-05,25536840,Trouble in Pairs,mkc,Normal,false,1
2026-10-05,25536840,Urza's Cave,mh3,Normal,false,1
2026-10-05,25536840,Wall of Omens,plst,Normal,false,1
2026-10-05,25536840,War Room,soc,Normal,false,1
2026-10-05,25536840,Welcoming Vampire,vow,Normal,false,1
2026-10-05,25536840,Whitemane Lion,plc,Normal,false,1
2026-10-05,25536840,Witch Enchanter // Witch-Blessed Meadow,mh3,Normal,false,1
2026-10-05,26722467,Abandoned Air Temple,tla,Normal,false,1
2026-10-05,26722467,Aerial Responder,kld,Normal,true,1
2026-10-05,26722467,Agatha's Soul Cauldron,woe,Normal,true,1
2026-10-05,26722467,"Agent Bishop, Man in Black",tmt,Normal,true,1
2026-10-05,26722467,"Anim Pakal, Thousandth Moon",lci,Normal,true,1
2026-10-05,26722467,Arid Mesa,mh2,Normal,true,1
2026-10-05,26722467,"Arwen, Weaver of Hope",ltc,Normal,false,1
2026-10-05,26722467,Avatar's Wrath,tla,Normal,true,1
2026-10-05,26722467,Beast Within,cmr,Normal,false,1
2026-10-05,26722467,Bigger on the Inside,who,Normal,true,1
2026-10-05,26722467,Birds of Paradise,sld,Foil,false,1
2026-10-05,26722467,"Boseiju, Who Endures",neo,Normal,true,1
2026-10-05,26722467,Botanical Brawler,mom,Normal,false,1
2026-10-05,26722467,Bountiful Promenade,clb,Normal,true,1
2026-10-05,26722467,Call Forth the Tempest,hoc,Normal,true,1
2026-10-05,26722467,Champion of Lambholt,ncc,Normal,false,1
2026-10-05,26722467,Chaos Warp,c20,Normal,false,1
2026-10-05,26722467,Clifftop Retreat,tdc,Normal,true,1
2026-10-05,26722467,Command Tower,c17,Normal,false,1
2026-10-05,26722467,Commander Liara Portyr,clb,Normal,true,1
2026-10-05,26722467,Commercial District,mkm,Normal,true,1
2026-10-05,26722467,Dispatch,eoc,Normal,true,1
2026-10-05,26722467,Dusk Legion Duelist,mom,Normal,false,1
2026-10-05,26722467,Esper Sentinel,mh2,Normal,true,1
2026-10-05,26722467,"Etali, Primal Conqueror // Etali, Primal Sickness",mom,Normal,false,1
2026-10-05,26722467,Exotic Orchard,c21,Normal,false,1
2026-10-05,26722467,Exploration,dmr,Normal,true,1
2026-10-05,26722467,Falcon and Redwing,msc,Normal,true,1
2026-10-05,26722467,Farseek,ltc,Normal,false,1
2026-10-05,26722467,Forest,otj,Foil,false,3
2026-10-05,26722467,Generous Gift,blc,Normal,false,1
2026-10-05,26722467,Generous Pup,j25,Normal,false,1
2026-10-05,26722467,Germination Practicum,sos,Normal,true,1
2026-10-05,26722467,Guff Rewrites History,cmm,Normal,true,1
2026-10-05,26722467,"Halana and Alena, Partners",fdn,Normal,true,1
2026-10-05,26722467,Hardened Scales,wot,Normal,false,1
2026-10-05,26722467,Healer's Hawk,fdn,Foil,false,1
2026-10-05,26722467,Heartwood Crafter // Soul Tether,fra,Normal,true,1
2026-10-05,26722467,Hushwood Verge,dsk,Normal,false,1
2026-10-05,26722467,Improvisation Capstone,sos,Normal,true,1
2026-10-05,26722467,Inspiring Statuary,brr,Normal,false,1
2026-10-05,26722467,Jetmir's Garden,snc,Normal,true,1
2026-10-05,26722467,Kami of Celebration,nec,Normal,false,1
2026-10-05,26722467,Kami of Whispered Hopes,mom,Normal,false,1
2026-10-05,26722467,Kodama of the West Tree,neo,Normal,false,1
2026-10-05,26722467,"Kutzil, Malamet Exemplar",lci,Normal,false,1
2026-10-05,26722467,"Laelia, the Blade Reforged",mh3,Normal,true,1
2026-10-05,26722467,Lush Portico,mkm,Normal,true,1
2026-10-05,26722467,"Mikey & Leo, Chaos & Order",tmt,Normal,false,1
2026-10-05,26722467,Mosswort Bridge,c18,Normal,false,1
2026-10-05,26722467,Mountain,otj,Foil,false,2
2026-10-05,26722467,Nature's Lore,sld,Foil,false,1
2026-10-05,26722467,Ouroboroid,eoe,Normal,false,1
2026-10-05,26722467,Overgrown Farmland,inr,Normal,true,1
2026-10-05,26722467,"Ozolith, the Shattered Spire",mom,Foil,false,1
2026-10-05,26722467,Path to Exile,who,Normal,false,1
2026-10-05,26722467,Patrolling Peacemaker,eoc,Normal,false,1
2026-10-05,26722467,Peregrin Took,ltr,Normal,false,1
2026-10-05,26722467,Plains,otj,Foil,false,3
2026-10-05,26722467,Plateau,3ed,Normal,true,1
2026-10-05,26722467,Rhythm of the Wild,sld,Foil,false,1
2026-10-05,26722467,"Rocco, Street Chef",mat,Foil,false,1
2026-10-05,26722467,Rockfall Vale,inr,Normal,true,1
2026-10-05,26722467,Rootbound Crag,tdc,Normal,true,1
2026-10-05,26722467,Rosie Cotton of South Lane,ltr,Normal,false,1
2026-10-05,26722467,Sacred Foundry,rvr,Normal,true,1
2026-10-05,26722467,Sakura-Tribe Elder,plg24,Foil,false,1
2026-10-05,26722467,Savannah,3ed,Normal,true,1
2026-10-05,26722467,Share the Spoils,afc,Normal,true,1
2026-10-05,26722467,Shroofus Sproutsire,j25,Normal,false,1
2026-10-05,26722467,Sovereign Okinec Ahau,lci,Normal,true,1
2026-10-05,26722467,Speaker of the Heavens,plst,Normal,false,1
2026-10-05,26722467,Spectator Seating,cmm,Normal,true,1
2026-10-05,26722467,Spire Garden,clb,Normal,true,1
2026-10-05,26722467,Stomping Ground,rvr,Normal,true,1
2026-10-05,26722467,Studious First-Year // Rampant Growth,sos,Normal,true,1
2026-10-05,26722467,Sunbillow Verge,dft,Normal,true,1
2026-10-05,26722467,Sundown Pass,inr,Normal,true,1
2026-10-05,26722467,Sunpetal Grove,tdc,Normal,true,1
2026-10-05,26722467,Suspend Aggression,sos,Normal,true,1
2026-10-05,26722467,Swords to Plowshares,brc,Normal,false,1
2026-10-05,26722467,Taiga,3ed,Normal,true,1
2026-10-05,26722467,Temple Garden,rvr,Normal,true,1
2026-10-05,26722467,Terrasymbiosis,eoe,Normal,false,1
2026-10-05,26722467,The Ooze,tmt,Normal,true,1
2026-10-05,26722467,The Ozolith,sld,Foil,false,1
2026-10-05,26722467,Thornspire Verge,dsk,Normal,true,1
2026-10-05,26722467,Three Visits,sld,Foil,false,1
2026-10-05,26722467,Thundering Raiju,neo,Foil,false,1
2026-10-05,26722467,Utopia Sprawl,wot,Foil,false,1
2026-10-05,26722467,Wild Wasteland,pip,Normal,true,1
2026-10-05,26722467,Windswept Heath,mh3,Normal,true,1
2026-10-05,26722467,Wooded Foothills,mh3,Normal,true,1
2026-10-05,26722467,"Yavimaya, Cradle of Growth",mh2,Normal,true,1
2026-10-05,26722467,Yotian Dissident,bro,Normal,true,1
2026-10-08,6482039,Dark Matter Manipulator,fra,Normal,false,1
2026-10-08,6482039,Overgrown Tomb,ecl,Normal,false,1
2026-10-08,6482039,Overgrown Tomb,rvr,Normal,true,0
2026-10-08,6482039,Town Greeter,fin,Normal,false,0
2026-10-08,6482039,Wood Elves,ncc,Normal,false,0
2026-10-08,6482039,Wood Elves,s99,Normal,false,1
2026-10-08,24974478,Heartstone,plst,Normal,false,1
2026-10-08,24974478,Heartstone,sth,Normal,true,0
2026-10-08,26722467,Utopia Sprawl,pf26,Foil,false,1
2026-10-08,26722467,Utopia Sprawl,wot,Foil,false,0
