deck_id,deck_name,commanders,first_seen,last_seen
4279849,1. Life is a Scry-way,"Trelasarra, Moon Dancer",2026-10-05,2026-10-05
5005670,2. Can't Block This,"Ikra Shidiqi, the Usurper | Malcolm, Keen-Eyed Navigator",2026-10-05,2026-10-05
5714358,3. Hungry Detectives,Sarah Jane Smith | The Fourth Doctor,2026-10-05,2026-10-05
5969200,"4. John ""Before Damage"" Benton",Sergeant John Benton,2026-10-05,2026-10-05
6482039,5. Bring Out Your Dead,"Tom, Bert, and William",2026-10-05,2026-10-05
16293254,6. Bear Necessities,"Lumra, Bellow of the Woods",2026-10-05,2026-10-05
17493352,7. The Royal Syphon,"Tymna the Weaver | Kediss, Emberclaw Familiar",2026-10-05,2026-10-05
24974478,8. i literally hate their faces,"Sash and Waistcoat, Unmen",2026-10-05,2026-10-05
25536840,9. Fastidious and precise,The Queen of Dale,2026-10-05,2026-10-05
26722467,10. wait let him cook,"Rocco, Street Chef",2026-10-05,2026-10-05
