date,deck_id,cards,tcg_total,tcg_paper,tcg_proxy,ck_total,ck_paper,ck_proxy,cm_total,cm_paper,cm_proxy
2026-10-05,26722467,100,2110.22,401.19,1709.03,2785.24,515.16,2270.08,1475.08,333.47,1141.61
2026-10-05,16293254,100,1137.81,69.0,1068.81,1406.78,101.09,1305.69,1822.06,57.77,1764.29
2026-10-05,5969200,100,1351.17,341.73,1009.44,1710.5,477.64,1232.86,893.7,286.74,606.96
2026-10-05,17493352,100,2227.68,493.66,1734.02,2946.72,655.39,2291.33,1615.3,435.45,1179.85
2026-10-05,25536840,100,587.85,293.16,294.69,808.62,417.72,390.9,497.74,253.26,244.48
2026-10-05,24974478,100,388.42,144.43,243.99,613.36,261.48,351.88,369.17,150.84,218.33
2026-10-05,4279849,100,1815.94,1654.53,161.41,2359.32,2216.69,142.63,1428.53,1338.78,89.75
2026-10-05,6482039,100,1296.49,582.52,713.97,1796.99,796.01,1000.98,923.76,489.87,433.89
2026-10-05,5005670,100,2283.3,536.37,1746.93,3000.36,700.41,2299.95,1538.01,474.64,1063.37
2026-10-05,5714358,100,2664.23,494.32,2169.91,3349.49,624.66,2724.83,1748.59,386.38,1362.21
2026-10-06,26722467,100,2110.22,401.19,1709.03,2785.24,515.16,2270.08,1475.08,333.47,1141.61
2026-10-06,16293254,100,1137.81,69.0,1068.81,1406.78,101.09,1305.69,1822.06,57.77,1764.29
2026-10-06,5969200,100,1351.17,341.73,1009.44,1710.5,477.64,1232.86,893.7,286.74,606.96
2026-10-06,17493352,100,2227.68,493.66,1734.02,2946.72,655.39,2291.33,1615.3,435.45,1179.85
2026-10-06,25536840,100,587.85,293.16,294.69,808.62,417.72,390.9,497.74,253.26,244.48
2026-10-06,24974478,100,388.42,144.43,243.99,613.36,261.48,351.88,369.17,150.84,218.33
2026-10-06,4279849,100,1815.94,1654.53,161.41,2359.32,2216.69,142.63,1428.53,1338.78,89.75
2026-10-06,6482039,100,1296.49,582.52,713.97,1796.99,796.01,1000.98,923.76,489.87,433.89
2026-10-06,5005670,100,2283.3,536.37,1746.93,3000.36,700.41,2299.95,1538.01,474.64,1063.37
2026-10-06,5714358,100,2664.23,494.32,2169.91,3349.49,624.66,2724.83,1748.59,386.38,1362.21
2026-10-07,26722467,100,2111.62,402.36,1709.26,2790.24,515.66,2274.58,1488.92,313.12,1175.8
2026-10-07,16293254,100,1136.67,68.96,1067.71,1405.72,99.89,1305.83,1787.16,53.05,1734.11
2026-10-07,5969200,100,1349.43,341.33,1008.1,1710.9,478.04,1232.86,908.72,285.76,622.96
2026-10-07,17493352,100,2225.26,492.56,1732.7,2947.42,659.09,2288.33,1471.34,443.87,1027.47
2026-10-07,25536840,100,586.17,294.33,291.84,817.52,421.72,395.8,500.67,260.44,240.23
2026-10-07,24974478,100,389.79,144.54,245.25,616.96,261.58,355.38,354.24,140.39,213.85
2026-10-07,4279849,100,1815.95,1654.63,161.32,2369.92,2222.29,147.63,1369.85,1283.08,86.77
2026-10-07,6482039,100,1294.93,582.29,712.64,1801.79,800.21,1001.58,967.7,518.62,449.08
2026-10-07,5005670,100,2281.11,534.61,1746.5,3001.56,701.61,2299.95,1530.52,481.07,1049.45
2026-10-07,5714358,100,2660.44,494.59,2165.85,3357.59,627.76,2729.83,1725.64,382.89,1342.75
